max_trials, mode, repeat_wrong, win_delays, lose_delays, L_win_L_delay, L_lose_L_delay, R_win_L_delay, R_lose_L_delay, R_win_R_delay, R_lose_R_delay, L_win_R_delay, L_lose_R_delay, odor1_id, odor1_delay, odor1_duration, odor2_id, odor2_delay, odor2_duration, tone_delay, tone_duration, tone_period, L_reward_id, L_reward_delay, L_reward_duration, L_reward_num, L_bolus_delay, R_reward_id, R_reward_delay, R_reward_duration, R_reward_num, R_bolus_delay, trial_delay, error_duration, odor_port_error, well_error, choice_error, odor_port_timeout, well_timeout, debounce_up, debounce_down_odor_port, debounce_down_well, rewarded_well, odor_port_timeout_stim, odor_port_on_stim, odor_port_off_stim, odor1_on_stim, odor1_off_stim, odor2_on_stim, odor2_off_stim, tone_on_stim, tone_off_stim, L_well_on_stim, L_well_off_stim, R_well_on_stim, R_well_off_stim, L_reward_on_stim, L_reward_off_stim, R_reward_on_stim, R_reward_off_stim, reward_on_stim, reward_off_stim, well_timeout_stim, odor_port_early_go_stim, well_early_go_stim, wrong_choice_stim, odor_port_timeout_stim_delay, odor_port_on_stim_delay, odor_port_off_stim_delay, odor1_on_stim_delay, odor1_off_stim_delay, odor2_on_stim_delay, odor2_off_stim_delay, tone_on_stim_delay, tone_off_stim_delay, L_well_on_stim_delay, L_well_off_stim_delay, R_well_on_stim_delay, R_well_off_stim_delay, L_reward_on_stim_delay, L_reward_off_stim_delay, R_reward_on_stim_delay, R_reward_off_stim_delay, reward_on_stim_delay, reward_off_stim_delay, well_timeout_stim_delay, odor_port_early_go_stim_delay, well_early_go_stim_delay, wrong_choice_stim_delay, L_lick_ts, R_lick_ts, L_well_all_on_ts, L_well_all_off_ts, odor_port_all_on_ts, odor_port_all_off_ts, R_well_all_on_ts, R_well_all_off_ts, trial_start_ts, R_light_on_ts, L_light_on_ts, odor_port_on_ts, tone_on_ts, tone_off_ts, odor_port_off_ts, well_id, well_on_ts, L_reward_ts, well_off_ts, error_flg, odor_port_timeout_flg, odor_port_early_go_flg, well_early_go_flg, wrong_choice_flg, R_light_off_ts, L_light_off_ts, choices, performance, L_clicks, R_clicks, R_reward_ts, error_id, error_string, house_light_on_ts
Inf, Mode 0, 0, 0, 0, 0, 0, 0, 0, 0, 0, 0, 0, 0, 0, 0, 0, 0, 0, 0, 150, 160, 1, 0, 175, 1, 0, 1, 0, 175, 1, 0, 1, 1, 0, 0, 1, -1, 15000, 5, 5, 5, E, N, N, N, N, N, N, N, N, N, N, N, N, N, N, N, N, N, N, N, N, N, N, N, 0, 0, 0, 0, 0, 0, 0, 0, 0, 0, 0, 0, 0, 0, 0, 0, 0, 0, 0, 0, 0, 0, 0, 1   413329   413431   413786   414135   422603   422788   422958   423127   423231   898487   898589   898754   898917   899027   899584   899829  1007287  1007390  1007494  1007595  1007711  1007815  1007958  1008063  1008177  1008286  1008403  1008784  1008925  1009073  1009249  1009385  1009543  1009710  1009867  1010033  1010189  1010347  1010449  1010622  1010821  1024385  1052707  1052814  1052941  1053047  1053162  1053278  1053483  1053592  1053731  1053878  1054017  1054155  1054310  1054462  1054619  1054769  1054872  1055010  1055122  1055239  1055384  1055509  1055647  1055770  1055884  1056152  1056335  1056491, 1, 421626  1007124  1007283  1052460, 423230  1007266  1010813  1056561, 426022  1051420, 426787  1051613, 430531   999806  1026561, 431904  1004379  1027115, 1014340, 1014347, 1014355, 1051428, 1051438, 1051589  1051597, 1051622, L, 1052478, 1052487, 1056573, 0, 0, , 0, 0, 1056683, 1056684, L1:R0, 100.00, <html><body bgcolor="rgb(255;255;115)" width="1000">000(1)1</body></html>, 000(1)1, , , , 
Inf, Mode 0, 0, 0, 0, 0, 0, 0, 0, 0, 0, 0, 0, 0, 0, 0, 0, 0, 0, 0, 150, 160, 1, 0, 175, 1, 0, 1, 0, 175, 1, 0, 1, 1, 0, 0, 1, -1, 15000, 5, 5, 5, E, N, N, N, N, N, N, N, N, N, N, N, N, N, N, N, N, N, N, N, N, N, N, N, 0, 0, 0, 0, 0, 0, 0, 0, 0, 0, 0, 0, 0, 0, 0, 0, 0, 0, 0, 0, 0, 0, 0, 1094856  1094982  1095084  1095261  1095374  1095498  1103446  1135091  1135225  1148387  1161529  1161646  1161751  1161856  1162002  1162116  1162223  1162326  1162433  1162546  1187433  1187594  1187699  1198748  1224675  1224804  1247798  1247969  1248123  1248254  1265269  1265410  1265567  1296050  1325048  1325171  1325282  1325388  1325490  1325677  1325782  1335397  1372758  1372870  1374946  1376135  1398502  1398604  1398723  1398831  1398951  1456731, , 1059789  1064287  1094669  1103199  1134815  1148054  1148236  1161289  1187278  1197822  1198539  1224380  1247279  1247579  1265133  1295824  1324914  1335157  1335201  1372633  1374786  1376005  1398228  1398589  1405108  1456172  1456447  1501561  1571116, 1059918  1064302  1095448  1103510  1135262  1148127  1148383  1162503  1187649  1197887  1198739  1224893  1247369  1248354  1265518  1296071  1325777  1335172  1335490  1373065  1375160  1376755  1398247  1399567  1405357  1456326  1456747  1501713  1571398, 1568505, 1570113, 1121395  1157951  1158076  1182644  1183292  1183688  1227042  1263094  1263338  1268042  1279354  1302615  1329602  1333648  1345819  1370398  1386753  1401812  1402189  1429759, 1121972  1158048  1159573  1183261  1183571  1183973  1227395  1263139  1263584  1276331  1281325  1302737  1333039  1333887  1350425  1370461  1387013  1402089  1403271  1430634, 1058833, 1058834, 1058834, 1568514, 1568526, 1568677  1568687, 1570123, L, 1571138, 1571149, 1571409, 0, 0, 0, 0, 0, 1571478, 1571490, L2:R0, 100.00, <html><body bgcolor="rgb(255;255;115)" width="1000">000(1)1</body></html>, 000(1)1, , , , 
Inf, Mode 0, 0, 0, 0, 0, 0, 0, 0, 0, 0, 0, 0, 0, 0, 0, 0, 0, 0, 0, 150, 160, 1, 0, 175, 1, 0, 1, 0, 175, 1, 0, 1, 1, 0, 0, 1, -1, 15000, 5, 5, 5, E, N, N, N, N, N, N, N, N, N, N, N, N, N, N, N, N, N, N, N, N, N, N, N, 0, 0, 0, 0, 0, 0, 0, 0, 0, 0, 0, 0, 0, 0, 0, 0, 0, 0, 0, 0, 0, 0, 0, 1571659  1575667  1612280  1612385  1612490  1612598  1612708  1612841  1612988  1613116  1613241  1613373  1613502  1613705  1613843  1613991  1614142  1614297  1614432  1614613  1614769  1614916  1615045  1615176  1615322  1615817  1615960  1616103  1616216  1616322  1616429  1616555  1616703  1616808  1616961  1617081  1617227  1617356  1617457  1617569  1617772  1617935  1618097  1618266  1618439  1618543  1618703  1618832  1618968  1619135  1619305  1619453  1619621  1619897  1620006  1620495  1620634  1620753  1620869  1620973  1621172  1622133  1622279  1622384  1622521  1622689  1622798  1622962  1623123  1623291  1623404  1623559  1623913  1624050  1624208  1624361  1624468  1624588  1624713  1624845  1625001  1625385  1625508  1625738  1625885  1626079  1626228  1626712  1626886  1627012  1627298  1627406  1627716  1627818  1627921  1628069  1628189  1628349  1628545  1628703  1632526  1632703  1632839  1633710  1633968  1634255  1634464  1640831  1640946  1641568  1641674  1641867  1703326  1703485  1703641  1703930, , 1612125  1632209  1640587  1641384  1703039, 1628727  1634538  1641051  1641834  1703908, 1715639, 1715816, 1610016  1637076  1663684  1681295  1701133  1712917  1717738, 1610073  1637517  1664249  1681709  1701603  1713326  1733894, 1572285, 1572286, 1572287, 1715643, 1715649, 1715800  1715805, 1715821, R, 1717749, , 1733900, 0, 0, 0, 0, 0, 1733940, 1733948, L2:R1, 100.00, 000(1)1, <html><body bgcolor="rgb(255;255;115)" width="1000">000(1)1</body></html>, 1717755, , , 
Inf, Mode 0, 0, 0, 0, 0, 0, 0, 0, 0, 0, 0, 0, 0, 0, 0, 0, 0, 0, 0, 150, 160, 1, 0, 175, 1, 0, 1, 0, 175, 1, 0, 1, 1, 0, 0, 1, -1, 15000, 5, 5, 5, E, N, N, N, N, N, N, N, N, N, N, N, N, N, N, N, N, N, N, N, N, N, N, N, 0, 0, 0, 0, 0, 0, 0, 0, 0, 0, 0, 0, 0, 0, 0, 0, 0, 0, 0, 0, 0, 0, 0, 1763319  1765512  1765716  1765870  1766010  1814163  1814272  1814402  1814535  1814694  1826966  1827099  1827226  1827346  1828184  1828865  1829007  1829180  1829302  1829653  1829797  1829946  1830078  1830915  1831100  1831261  1831365  1831498  1831669  1831797  1831958  1832944  1833079  1833224  1833373  1833543  1833709  1833891  1834018  1834159  1834317  1834470  1834640  1834763  1834871  1835017  1835156  1835257  1835377  1835483  1835727  1835956  1836468  1836569  1836675  1836829  1836946  1837103  1837581  1837748  1837869  1838012  1838183  1839062  1839164  1839582  1839713  1839885  1840005  1840163  1840298  1840451  1840743  1840913  1841035  1841380  1841713  1845340  1845460  1845566  1845674  1845788  1845915  1846018  1846195  1846299  1846406  1846686  1846790  1846891  1848210  1848653  1848811  1848948  1849098  1849262  1849373  1849551  1849706  1849839  1850012  1850134  1850257  1850640  1850748  1851228  1851331  1851445  1851558  1851727  1851875  1852007  1852174  1852277  1852382  1852521  1853072  1853201  1853315  1854088  1854234  1854376  1854534  1854642  1854786  1854918  1855458  1855595  1855710  1855857  1855961  1856144  1856245  1856431  1856540  1856690  1856792  1856900  1857005  1857110  1857214  1857317  1857557  1857713  1857868  1858019  1858195  1858354  1858537  1858735  1858860  1858980  1859121  1859224  1859343  1859477  1859606  1859722  1859835  1859953  1860108  1860616  1860771  1860925  1861290  1861423  1861562  1862188  1862306  1862439  1862841  1862991  1863308  1863472  1863584  1867580  1867687  1867810  1867936  1869193  1869307  1869472  1869575  1869719  1869824  1869979  1870095  1870205  1870307  1870410  1870539  1871392  1871573  1871713  1871821  1871933  1872081  1873615  1873759  1873926  1874032  1874193  1874304  1874411  1874520  1874666  1874775  1874900  1875023  1876394  1876515  1876622  1876761  1876941  1877103  1877218  1877370  1877541  1877887  1878028  1878167  1878352  1878959  1879108  1879261  1879365  1879493  1879616  1879780  1880326  1880517  1880620  1880774  1880887  1881341  1881465  1881570  1881892  1882023  1882169  1883699  1883867  1883969  1884271  1884385  1884488  1884863  1884985  1885113  1892652  1892795  1893731  1893877  1893990  1894841  1895072  1895214  1896087  1896193  1896347  1896485  1896812  1896954  1897094  1897302  1897446  1897856  1898206  1913549  1913666  1913829  1914047  1914242  1914418  1936230  1936372  1936529  1936686  1937490  1937663  1937832  1937996  1938203  1938307  1938410  1938555  1948597  1948725  1948853  1967326  1967455  1967588  1968656  2036989  2037094  2037230  2037342  2041007  2050898  2133359  2133734  2133888  2185539  2223124  2223459  2223686  2223823  2223996  2224184, , 1763088  1765334  1813903  1814203  1826654  1845166  1867300  1892424  1913066  1913184  1935744  1948419  1966647  1967157  1991895  2036859  2050593  2052229  2085496  2103937  2133237  2133328  2144410  2159080  2159129  2185136  2222862  2222948  2223222  2224244, 1763284  1766236  1814135  1814792  1841741  1863662  1885083  1898365  1913090  1914406  1938504  1948905  1966848  1968720  1991950  2037351  2051439  2052355  2085780  2104112  2133259  2133964  2144490  2159119  2159225  2185511  2222879  2223107  2224176  2224269, 2236733  2236968  2237196, 2236930  2236996  2238038, 1735991  1738900  1750791  1751022  1756821  1772333  1794366  1809765  1816620  1821717  1824157  1887662  1887960  1911457  1940346  1940598  1944716  1945415  1945812  1953465  1963081  1976294  2033679  2042485  2047038  2048208  2049285  2058760  2063950  2068617  2069214  2079073  2079658  2080042  2113227  2113420  2142575  2142775  2147605  2156068  2156222  2183144  2213162  2213286  2228885  2229691  2233188  2234148  2239398, 1736262  1750550  1750988  1751146  1758942  1773052  1795742  1811733  1817729  1824128  1824193  1887911  1889888  1911749  1940511  1941102  1945249  1945685  1945964  1954728  1964938  1976381  2034648  2042871  2048040  2049225  2049309  2059146  2066016  2069155  2070328  2079543  2079971  2080241  2113361  2113897  2142632  2142943  2147949  2156102  2156359  2183701  2213237  2213960  2229533  2230223  2233930  2234772  2265674, 1734610, 1734610, 1734612, 2236742, 2236753, 2236904  2236914, 2236940, R, 2239421, , 2265687, 0, 0, 0, 0, 0, 2265761, 2265775, L2:R2, 100.00, 000(1)1, <html><body bgcolor="rgb(255;255;115)" width="1000">000(1)1</body></html>, 2239433, , , 
Inf, Mode 0, 0, 0, 0, 0, 0, 0, 0, 0, 0, 0, 0, 0, 0, 0, 0, 0, 0, 0, 150, 160, 1, 0, 175, 1, 0, 1, 0, 175, 1, 0, 1, 1, 0, 0, 1, -1, 15000, 5, 5, 5, E, N, N, N, N, N, N, N, N, N, N, N, N, N, N, N, N, N, N, N, N, N, N, N, 0, 0, 0, 0, 0, 0, 0, 0, 0, 0, 0, 0, 0, 0, 0, 0, 0, 0, 0, 0, 0, 0, 0, 2290141  2290314  2290488  2290863  2291224  2291342  2291463  2291583  2292508  2292678  2292783  2292906  2293756  2293890  2293992  2294141  2294917  2295049  2295206  2295330  2302697  2302867  2319197  2320200  2320395  2320534  2321020  2321242  2328316  2328469  2328629  2345698  2345812  2345923  2346055  2346790  2355895  2389111, , 2289822  2302469  2319057  2319979  2328121  2345522  2354812  2354928  2355187  2388828, 2295515  2302879  2319106  2321236  2328647  2346745  2354848  2355029  2355226  2389267, 2394836, 2395164, 2267970  2286000  2298454  2300957  2309001  2323103  2330498  2336147  2357283  2357360  2357420  2358902  2384852  2385904  2391265  2397146, 2285974  2287591  2300776  2300977  2309274  2324677  2331065  2339048  2357343  2357382  2358323  2359144  2384980  2386598  2392555  2421861, 2266938, 2266938, 2266939, 2395004, 2395005, 2395156  2395157, 2395165, R, 2397149, , 2421863, 0, 0, 0, 0, 0, 2421877, 2421880, L2:R3, 100.00, 000(1)1, <html><body bgcolor="rgb(255;255;115)" width="1000">000(1)1</body></html>, 2397151, , , 
Inf, Mode 0, 0, 0, 0, 0, 0, 0, 0, 0, 0, 0, 0, 0, 0, 0, 0, 0, 0, 0, 150, 160, 1, 0, 175, 1, 0, 1, 0, 175, 1, 0, 1, 1, 0, 0, 1, -1, 15000, 5, 5, 5, E, N, N, N, N, N, N, N, N, N, N, N, N, N, N, N, N, N, N, N, N, N, N, N, 0, 0, 0, 0, 0, 0, 0, 0, 0, 0, 0, 0, 0, 0, 0, 0, 0, 0, 0, 0, 0, 0, 0, 2434847  2434964  2435131  2435260  2435482  2443072  2443195  2453438  2453540  2453666  2453815  2454050  2454261  2454406  2454544  2454762  2469977  2470084, , 2434324  2434644  2442959  2443123  2449612  2453296  2453597  2469792  2470286  2496963  2497192, 2434543  2435514  2443014  2443448  2450298  2453525  2454774  2470097  2470370  2496977  2498539, 2528501  2529452, 2528706  2530013, 2423597  2426137  2437106  2456561  2460760  2463186  2473456  2508530  2509346  2510208  2510282  2510634  2517234  2523329  2525486  2531791, 2425140  2430010  2438848  2458951  2461901  2466959  2474984  2509309  2509641  2510264  2510578  2511437  2518604  2524285  2525553  2550008, 2422358, 2422359, 2422360, 2528513, 2528526, 2528676  2528689, 2528718, R, 2531817, , 2550022, 0, 0, 0, 0, 0, 2550196, 2550198, L2:R4, 100.00, 000(1)1, <html><body bgcolor="rgb(255;255;115)" width="1000">000(1)1</body></html>, 2531830, , , 
Inf, Mode 0, 0, 0, 0, 0, 0, 0, 0, 0, 0, 0, 0, 0, 0, 0, 0, 0, 0, 0, 150, 160, 1, 0, 175, 1, 0, 1, 0, 175, 1, 0, 1, 1, 0, 0, 1, -1, 15000, 5, 5, 5, E, N, N, N, N, N, N, N, N, N, N, N, N, N, N, N, N, N, N, N, N, N, N, N, 0, 0, 0, 0, 0, 0, 0, 0, 0, 0, 0, 0, 0, 0, 0, 0, 0, 0, 0, 0, 0, 0, 0, , , , , 2565711, 2566850, 2550217  2555713  2562318  2568123, 2551070  2557154  2563183  2589212, 2551071, 2551072, 2551073, 2565713, 2565717, 2565868  2565870, 2566853, R, 2568129, , 2589215, 0, 0, 0, 0, 0, 2589239, 2589243, L2:R5, 100.00, 000(1)1, <html><body bgcolor="rgb(255;255;115)" width="1000">000(1)1</body></html>, 2568132, , , 
Inf, Mode 0, 0, 0, 0, 0, 0, 0, 0, 0, 0, 0, 0, 0, 0, 0, 0, 0, 0, 0, 150, 160, 1, 0, 175, 1, 0, 1, 0, 175, 1, 0, 1, 1, 0, 0, 1, -1, 15000, 5, 5, 5, E, N, N, N, N, N, N, N, N, N, N, N, N, N, N, N, N, N, N, N, N, N, N, N, 0, 0, 0, 0, 0, 0, 0, 0, 0, 0, 0, 0, 0, 0, 0, 0, 0, 0, 0, 0, 0, 0, 0, 2605394  2605504  2605735  2605837  2605991  2794646  2794781  2795026  2795137  2795280  2795385  2795540  2795665, , 2605204  2764241  2794377  2795161  2815871  2816013, 2606073  2764695  2795094  2795690  2815975  2816115, 2850698  2850958, 2850861  2852348, 2591921  2596189  2607673  2613407  2620274  2673992  2678030  2682929  2695137  2709274  2719332  2722767  2722815  2738745  2743479  2753023  2757418  2758518  2762282  2774862  2775395  2780401  2787853  2790976  2797662  2813009  2813282  2839938  2843838  2848349  2853853, 2592959  2598339  2608861  2614984  2622039  2674553  2680347  2683270  2695364  2710106  2719906  2722783  2724461  2739419  2744132  2753440  2758203  2758616  2762651  2775381  2776545  2782269  2788552  2791397  2798149  2813032  2813608  2841050  2845447  2849003  2863200, 2589796, 2589797, 2589798, 2850699, 2850701, 2850852  2850853, 2850863, R, 2853858, , 2863203, 0, 0, 0, 0, 0, 2863223, 2863227, L2:R6, 100.00, 000(1)1, <html><body bgcolor="rgb(255;255;115)" width="1000">000(1)1</body></html>, 2853861, , , 
Inf, Mode 0, 0, 0, 0, 0, 0, 0, 0, 0, 0, 0, 0, 0, 0, 0, 0, 0, 0, 0, 150, 160, 1, 0, 175, 1, 0, 1, 0, 175, 1, 0, 1, 1, 0, 0, 1, -1, 15000, 5, 5, 5, E, N, N, N, N, N, N, N, N, N, N, N, N, N, N, N, N, N, N, N, N, N, N, N, 0, 0, 0, 0, 0, 0, 0, 0, 0, 0, 0, 0, 0, 0, 0, 0, 0, 0, 0, 0, 0, 0, 0, , , , , 2882579, 2882752, 2863414  2863650  2864481  2864940  2865929  2867504  2871140  2874301  2879758  2884227, 2863548  2864447  2864607  2865131  2866825  2868320  2871594  2876282  2880135  2904594, 2864448, 2864449, 2864451, 2882583, 2882588, 2882738  2882742, 2882756, R, 2884236, , 2904599, 0, 0, 0, 0, 0, 2904634, 2904641, L2:R7, 100.00, 000(1)1, <html><body bgcolor="rgb(255;255;115)" width="1000">000(1)1</body></html>, 2884242, , , 
Inf, Mode 0, 0, 0, 0, 0, 0, 0, 0, 0, 0, 0, 0, 0, 0, 0, 0, 0, 0, 0, 150, 160, 1, 0, 175, 1, 0, 1, 0, 175, 1, 0, 1, 1, 0, 0, 1, -1, 15000, 5, 5, 5, E, N, N, N, N, N, N, N, N, N, N, N, N, N, N, N, N, N, N, N, N, N, N, N, 0, 0, 0, 0, 0, 0, 0, 0, 0, 0, 0, 0, 0, 0, 0, 0, 0, 0, 0, 0, 0, 0, 0, , , 2913633  2913999  2973495, 2913916  2914030  2973866, 3005519  3005733  3005964, 3005710  3005854  3006147, 2904733  2909306  2916556  2922032  2926510  2926606  2927969  2929319  2929476  2931622  2946620  2952180  2965321  2978880  2992140  2995560  2995806  3000368  3007951, 2908071  2911394  2918669  2923236  2926558  2927839  2928375  2929448  2930163  2932420  2947870  2958558  2966648  2986417  2992812  2995782  2995959  3002263  3022058, 2908072, 2908074, 2908075, 3005528, 3005536, 3005687  3005696, 3005718, R, 3007971, , 3022068, 0, 0, 0, 0, 0, 3022131, 3022142, L2:R8, 100.00, 000(1)1, <html><body bgcolor="rgb(255;255;115)" width="1000">000(1)1</body></html>, 3007980, , , 
Inf, Mode 0, 0, 0, 0, 0, 0, 0, 0, 0, 0, 0, 0, 0, 0, 0, 0, 0, 0, 0, 150, 160, 1, 0, 175, 1, 0, 1, 0, 175, 1, 0, 1, 1, 0, 0, 1, -1, 15000, 5, 5, 5, E, N, N, N, N, N, N, N, N, N, N, N, N, N, N, N, N, N, N, N, N, N, N, N, 0, 0, 0, 0, 0, 0, 0, 0, 0, 0, 0, 0, 0, 0, 0, 0, 0, 0, 0, 0, 0, 0, 0, , , , , 3035659, 3036656, 3024664  3028317  3033013  3038381, 3025620  3029925  3033758  3048621, 3022772, 3022772, 3022773, 3035661, 3035664, 3035815  3035818, 3036659, R, 3038386, , 3048624, 0, 0, 0, 0, 0, 3048647, 3048651, L1:R9, 100.00, 000(1)1, <html><body bgcolor="rgb(255;255;115)" width="1000">000(1)1</body></html>, 3038390, , , 
Inf, Mode 0, 0, 0, 0, 0, 0, 0, 0, 0, 0, 0, 0, 0, 0, 0, 0, 0, 0, 0, 150, 160, 1, 0, 175, 1, 0, 1, 0, 175, 1, 0, 1, 1, 0, 0, 1, -1, 15000, 5, 5, 5, E, N, N, N, N, N, N, N, N, N, N, N, N, N, N, N, N, N, N, N, N, N, N, N, 0, 0, 0, 0, 0, 0, 0, 0, 0, 0, 0, 0, 0, 0, 0, 0, 0, 0, 0, 0, 0, 0, 0, 3064816  3065015  3065194  3065366  3066104  3066219  3066407  3066766  3069004  3069116  3069237  3070252  3070460  3071440  3091458  3091571  3091727  3091892  3092140, , 3064532  3068813  3091232, 3066746  3071494  3092321, 3094952, 3095139, 3048716  3053374  3055217  3075602  3078329  3082855  3084020  3087738  3096679, 3052155  3053567  3055725  3076688  3079401  3083837  3084785  3088261  3108721, 3052155, 3052157, 3052159, 3094959, 3094967, 3095118  3095126, 3095146, R, 3096694, , 3108729, 0, 0, 0, 0, 0, 3108782, 3108791, L0:R10, 100.00, 000(1)1, <html><body bgcolor="rgb(255;255;115)" width="1000">000(1)1</body></html>, 3096703, , , 
Inf, Mode 0, 0, 0, 0, 0, 0, 0, 0, 0, 0, 0, 0, 0, 0, 0, 0, 0, 0, 0, 150, 160, 1, 0, 175, 1, 0, 1, 0, 175, 1, 0, 1, 1, 0, 0, 1, -1, 15000, 5, 5, 5, E, N, N, N, N, N, N, N, N, N, N, N, N, N, N, N, N, N, N, N, N, N, N, N, 0, 0, 0, 0, 0, 0, 0, 0, 0, 0, 0, 0, 0, 0, 0, 0, 0, 0, 0, 0, 0, 0, 0, , , , , 3119937  3120154  3120573, 3120104  3120301  3121002, 3108924  3109736  3114471  3118311  3121795, 3109536  3110273  3115611  3119105  3131810, 3109536, 3109538, 3109539, 3119939, 3119942, 3120093  3120096, 3120107, R, 3121803, , 3131814, 0, 0, 0, 0, 0, 3131844, 3131850, L0:R10, 100.00, 000(1)1, <html><body bgcolor="rgb(255;255;115)" width="1000">000(1)1</body></html>, 3121807, , , 
Inf, Mode 0, 0, 0, 0, 0, 0, 0, 0, 0, 0, 0, 0, 0, 0, 0, 0, 0, 0, 0, 150, 160, 1, 0, 175, 1, 0, 1, 0, 175, 1, 0, 1, 1, 0, 0, 1, -1, 15000, 5, 5, 5, R, N, N, N, N, N, N, N, N, N, N, N, N, N, N, N, N, N, N, N, N, N, N, N, 0, 0, 0, 0, 0, 0, 0, 0, 0, 0, 0, 0, 0, 0, 0, 0, 0, 0, 0, 0, 0, 0, 0, , , 3153919  3154401, 3154272  3154697, 3165759, 3165934, 3132018  3133769  3136408  3140252  3141802  3144038  3157840  3163155  3167217, 3132107  3134758  3137250  3141300  3142367  3144373  3160562  3164394  3175436, 3132491, 3132492, 3132493, 3165763, 3165768, 3165919  3165924, 3165939, R, 3167227, , 3175441, 0, 0, 0, 0, 0, 3175478, 3175485, L0:R10, 100.00, 000(1)1, <html><body bgcolor="rgb(255;255;115)" width="1000">000(1)1</body></html>, 3167234, , , 
Inf, Mode 0, 0, 0, 0, 0, 0, 0, 0, 0, 0, 0, 0, 0, 0, 0, 0, 0, 0, 0, 150, 160, 1, 0, 175, 1, 0, 1, 0, 175, 1, 0, 1, 1, 0, 0, 1, -1, 15000, 5, 5, 5, R, N, N, N, N, N, N, N, N, N, N, N, N, N, N, N, N, N, N, N, N, N, N, N, 0, 0, 0, 0, 0, 0, 0, 0, 0, 0, 0, 0, 0, 0, 0, 0, 0, 0, 0, 0, 0, 0, 0, , , , , 3181427, 3181590, 3178414  3182780, 3179451  3190528, 3176150, 3176151, 3176152, 3181428, 3181430, 3181581  3181583, 3181592, R, 3182784, , 3190531, 0, 0, 0, 0, 0, 3190549, 3190553, L0:R10, 100.00, 000(1)1, <html><body bgcolor="rgb(255;255;115)" width="1000">000(1)1</body></html>, 3182787, , , 
Inf, Mode 0, 0, 0, 0, 0, 0, 0, 0, 0, 0, 0, 0, 0, 0, 0, 0, 0, 0, 0, 150, 160, 1, 0, 175, 1, 0, 1, 0, 175, 1, 0, 1, 1, 0, 0, 1, -1, 15000, 5, 5, 5, R, N, N, N, N, N, N, N, N, N, N, N, N, N, N, N, N, N, N, N, N, N, N, N, 0, 0, 0, 0, 0, 0, 0, 0, 0, 0, 0, 0, 0, 0, 0, 0, 0, 0, 0, 0, 0, 0, 0, , , , , 3195715, 3195878, 3193166  3197057, 3194189  3205767, 3191169, 3191170, 3191171, 3195716, 3195719, 3195869  3195871, 3195880, R, 3197061, , 3205769, 0, 0, 0, 0, 0, 3205788, 3205792, L0:R10, 100.00, 000(1)1, <html><body bgcolor="rgb(255;255;115)" width="1000">000(1)1</body></html>, 3197064, , , 
Inf, Mode 0, 0, 0, 0, 0, 0, 0, 0, 0, 0, 0, 0, 0, 0, 0, 0, 0, 0, 0, 150, 160, 1, 0, 175, 1, 0, 1, 0, 175, 1, 0, 1, 1, 0, 0, 1, -1, 15000, 5, 5, 5, L, N, N, N, N, N, N, N, N, N, N, N, N, N, N, N, N, N, N, N, N, N, N, N, 0, 0, 0, 0, 0, 0, 0, 0, 0, 0, 0, 0, 0, 0, 0, 0, 0, 0, 0, 0, 0, 0, 0, , , , , 3216074, 3216241, 3205851  3210064  3213127  3213623  3217287, 3207531  3210924  3213610  3213713, 3207531, 3207532, 3207534, 3216076, 3216079, 3216230  3216232, 3216244, R, 3217293, , , 1, 0, 0, 0, 1, 3217332, 3217337, L0:R10, 90.00, 000(1)1, <html><body bgcolor="rgb(230;180;180)" width="1000">000(1)1</body></html>, , 202, wrong_choice_chose_R, 3217325
Inf, Mode 0, 0, 0, 0, 0, 0, 0, 0, 0, 0, 0, 0, 0, 0, 0, 0, 0, 0, 0, 150, 160, 1, 0, 175, 1, 0, 1, 0, 175, 1, 0, 1, 1, 0, 0, 1, -1, 15000, 5, 5, 5, L, N, N, N, N, N, N, N, N, N, N, N, N, N, N, N, N, N, N, N, N, N, N, N, 0, 0, 0, 0, 0, 0, 0, 0, 0, 0, 0, 0, 0, 0, 0, 0, 0, 0, 0, 0, 0, 0, 0, 3223673  3223785, , 3223351  3223492, 3223389  3224071, 3227855, 3228307, 3219402  3219760  3219860  3220326  3225408  3229712, 3217605  3219728  3219812  3220256  3220377  3226143, 3217815, 3217816, 3217817, 3227858, 3227864, 3228015  3228019, 3228311, R, 3229721, , , 1, 0, 0, 0, 1, 3229772, 3229778, L0:R10, 80.00, 000(1)1, <html><body bgcolor="rgb(230;180;180)" width="1000">000(1)1</body></html>, , 202, wrong_choice_chose_R, 3229764
Inf, Mode 0, 0, 0, 0, 0, 0, 0, 0, 0, 0, 0, 0, 0, 0, 0, 0, 0, 0, 0, 150, 160, 1, 0, 175, 1, 0, 1, 0, 175, 1, 0, 1, 1, 0, 0, 1, -1, 15000, 5, 5, 5, R, N, N, N, N, N, N, N, N, N, N, N, N, N, N, N, N, N, N, N, N, N, N, N, 0, 0, 0, 0, 0, 0, 0, 0, 0, 0, 0, 0, 0, 0, 0, 0, 0, 0, 0, 0, 0, 0, 0, 3233731  3234015  3234610, , 3233543  3234734, 3234638  3234910, 3241850  3242937  3243030, 3242899  3242956  3243401, 3236960  3238927  3244720, 3230486  3237649  3240713  3252249, 3230531, 3230532, 3230533, 3241852, 3241857, 3242008  3242011, 3242902, R, 3244728, , 3252254, 0, 0, 0, 0, 0, 3252286, 3252293, L0:R10, 80.00, 000(1)1, <html><body bgcolor="rgb(255;255;115)" width="1000">000(1)1</body></html>, 3244733, , , 
Inf, Mode 0, 0, 0, 0, 0, 0, 0, 0, 0, 0, 0, 0, 0, 0, 0, 0, 0, 0, 0, 150, 160, 1, 0, 175, 1, 0, 1, 0, 175, 1, 0, 1, 1, 0, 0, 1, -1, 15000, 5, 5, 5, L, N, N, N, N, N, N, N, N, N, N, N, N, N, N, N, N, N, N, N, N, N, N, N, 0, 0, 0, 0, 0, 0, 0, 0, 0, 0, 0, 0, 0, 0, 0, 0, 0, 0, 0, 0, 0, 0, 0, 3255930  3256294  3256440  3256595, , 3255631  3256145, 3255998  3256725, 3266205  3266610  3266873, 3266376  3266791  3267083, 3258503  3261870  3262961  3264854  3267696, 3259297  3262726  3263811  3265502, 3253101, 3253101, 3253102, 3266208, 3266213, 3266363  3266367, 3266380, R, 3267706, , , 1, 0, 0, 0, 1, 3267762, 3267769, L0:R10, 70.00, 000(1)1, <html><body bgcolor="rgb(230;180;180)" width="1000">000(1)1</body></html>, , 202, wrong_choice_chose_R, 3267752
Inf, Mode 0, 0, 0, 0, 0, 0, 0, 0, 0, 0, 0, 0, 0, 0, 0, 0, 0, 0, 0, 150, 160, 1, 0, 175, 1, 0, 1, 0, 175, 1, 0, 1, 1, 0, 0, 1, -1, 15000, 5, 5, 5, R, N, N, N, N, N, N, N, N, N, N, N, N, N, N, N, N, N, N, N, N, N, N, N, 0, 0, 0, 0, 0, 0, 0, 0, 0, 0, 0, 0, 0, 0, 0, 0, 0, 0, 0, 0, 0, 0, 0, , , , , 3271552, 3271756, 3272811, 3268054  3279384, 3268664, 3268665, 3268666, 3271553, 3271555, 3271706  3271707, 3271758, R, 3272815, , 3279386, 0, 0, 0, 0, 0, 3279405, 3279409, L0:R10, 70.00, 000(1)1, <html><body bgcolor="rgb(255;255;115)" width="1000">000(1)1</body></html>, 3272818, , , 
Inf, Mode 0, 0, 0, 0, 0, 0, 0, 0, 0, 0, 0, 0, 0, 0, 0, 0, 0, 0, 0, 150, 160, 1, 0, 175, 1, 0, 1, 0, 175, 1, 0, 1, 1, 0, 0, 1, -1, 15000, 5, 5, 5, R, N, N, N, N, N, N, N, N, N, N, N, N, N, N, N, N, N, N, N, N, N, N, N, 0, 0, 0, 0, 0, 0, 0, 0, 0, 0, 0, 0, 0, 0, 0, 0, 0, 0, 0, 0, 0, 0, 0, , , , , 3284181  3284368, 3284344  3284650, 3282057  3285626, 3283186  3293505, 3280159, 3280159, 3280160, 3284182, 3284184, 3284335  3284337, 3284346, R, 3285632, , 3293508, 0, 0, 0, 0, 0, 3293530, 3293534, L0:R10, 70.00, 000(1)1, <html><body bgcolor="rgb(255;255;115)" width="1000">000(1)1</body></html>, 3285635, , , 
Inf, Mode 0, 0, 0, 0, 0, 0, 0, 0, 0, 0, 0, 0, 0, 0, 0, 0, 0, 0, 0, 150, 160, 1, 0, 175, 1, 0, 1, 0, 175, 1, 0, 1, 1, 0, 0, 1, -1, 15000, 5, 5, 5, R, N, N, N, N, N, N, N, N, N, N, N, N, N, N, N, N, N, N, N, N, N, N, N, 0, 0, 0, 0, 0, 0, 0, 0, 0, 0, 0, 0, 0, 0, 0, 0, 0, 0, 0, 0, 0, 0, 0, , , , , 3298471, 3299122, 3295656  3300358, 3296808  3310632, 3294006, 3294006, 3294007, 3298472, 3298475, 3298626  3298628, 3299124, R, 3300362, , 3310636, 0, 0, 0, 0, 0, 3310654, 3310658, L0:R10, 70.00, 000(1)1, <html><body bgcolor="rgb(255;255;115)" width="1000">000(1)1</body></html>, 3300365, , , 
Inf, Mode 0, 0, 0, 0, 0, 0, 0, 0, 0, 0, 0, 0, 0, 0, 0, 0, 0, 0, 0, 150, 160, 1, 0, 175, 1, 0, 1, 0, 175, 1, 0, 1, 1, 0, 0, 1, -1, 15000, 5, 5, 5, L, N, N, N, N, N, N, N, N, N, N, N, N, N, N, N, N, N, N, N, N, N, N, N, 0, 0, 0, 0, 0, 0, 0, 0, 0, 0, 0, 0, 0, 0, 0, 0, 0, 0, 0, 0, 0, 0, 0, , , , , 3314974, 3315971, 3312730  3316859, 3313958, 3311121, 3311121, 3311122, 3314975, 3314978, 3315128  3315130, 3315973, R, 3316864, , , 1, 0, 0, 0, 1, 3316894, 3316898, L0:R10, 60.00, 000(1)1, <html><body bgcolor="rgb(230;180;180)" width="1000">000(1)1</body></html>, , 202, wrong_choice_chose_R, 3316888
Inf, Mode 0, 0, 0, 0, 0, 0, 0, 0, 0, 0, 0, 0, 0, 0, 0, 0, 0, 0, 0, 150, 160, 1, 0, 175, 1, 0, 1, 0, 175, 1, 0, 1, 1, 0, 0, 1, -1, 15000, 5, 5, 5, L, N, N, N, N, N, N, N, N, N, N, N, N, N, N, N, N, N, N, N, N, N, N, N, 0, 0, 0, 0, 0, 0, 0, 0, 0, 0, 0, 0, 0, 0, 0, 0, 0, 0, 0, 0, 0, 0, 0, , , 3322449, 3322803, 3336184, 3336356, 3319338  3324170  3325502  3330791  3333553  3337276, 3318179  3319997  3325462  3325597  3331538  3335111, 3318179, 3318180, 3318181, 3336187, 3336192, 3336343  3336346, 3336360, R, 3337284, , , 1, 0, 0, 0, 1, 3337330, 3337336, L0:R10, 50.00, 000(1)1, <html><body bgcolor="rgb(230;180;180)" width="1000">000(1)1</body></html>, , 202, wrong_choice_chose_R, 3337322
Inf, Mode 0, 0, 0, 0, 0, 0, 0, 0, 0, 0, 0, 0, 0, 0, 0, 0, 0, 0, 0, 150, 160, 1, 0, 175, 1, 0, 1, 0, 175, 1, 0, 1, 1, 0, 0, 1, -1, 15000, 5, 5, 5, R, N, N, N, N, N, N, N, N, N, N, N, N, N, N, N, N, N, N, N, N, N, N, N, 0, 0, 0, 0, 0, 0, 0, 0, 0, 0, 0, 0, 0, 0, 0, 0, 0, 0, 0, 0, 0, 0, 0, , , , , 3339407  3339584, 3339571  3339807, 3340835, 3338243  3348730, 3338243, 3338244, 3338245, 3339408, 3339410, 3339562  3339563, 3339573, R, 3340840, , 3348733, 0, 0, 0, 0, 0, 3348754, 3348758, L0:R10, 50.00, 000(1)1, <html><body bgcolor="rgb(255;255;115)" width="1000">000(1)1</body></html>, 3340844, , , 
Inf, Mode 0, 0, 0, 0, 0, 0, 0, 0, 0, 0, 0, 0, 0, 0, 0, 0, 0, 0, 0, 150, 160, 1, 0, 175, 1, 0, 1, 0, 175, 1, 0, 1, 1, 0, 0, 1, -1, 15000, 5, 5, 5, R, N, N, N, N, N, N, N, N, N, N, N, N, N, N, N, N, N, N, N, N, N, N, N, 0, 0, 0, 0, 0, 0, 0, 0, 0, 0, 0, 0, 0, 0, 0, 0, 0, 0, 0, 0, 0, 0, 0, , , , , 3352247  3352482  3352658, 3352413  3352599  3352709, 3350373  3350425  3353748, 3350417  3351026  3366781, 3349726, 3349727, 3349727, 3352248, 3352251, 3352402  3352405, 3352415, R, 3353754, , 3366786, 0, 0, 0, 0, 0, 3366811, 3366815, L0:R10, 60.00, 000(1)1, <html><body bgcolor="rgb(255;255;115)" width="1000">000(1)1</body></html>, 3353758, , , 
Inf, Mode 0, 0, 0, 0, 0, 0, 0, 0, 0, 0, 0, 0, 0, 0, 0, 0, 0, 0, 0, 150, 160, 1, 0, 175, 1, 0, 1, 0, 175, 1, 0, 1, 1, 0, 0, 1, -1, 15000, 5, 5, 5, R, N, N, N, N, N, N, N, N, N, N, N, N, N, N, N, N, N, N, N, N, N, N, N, 0, 0, 0, 0, 0, 0, 0, 0, 0, 0, 0, 0, 0, 0, 0, 0, 0, 0, 0, 0, 0, 0, 0, , , , , 3370472  3370915  3371127, 3370840  3371075  3371672, 3368645  3372708, 3369592  3383339, 3367755, 3367755, 3367756, 3370473, 3370476, 3370626  3370627, 3370842, R, 3372715, , 3383342, 0, 0, 0, 0, 0, 3383365, 3383370, L0:R10, 70.00, 000(1)1, <html><body bgcolor="rgb(255;255;115)" width="1000">000(1)1</body></html>, 3372718, , , 
Inf, Mode 0, 0, 0, 0, 0, 0, 0, 0, 0, 0, 0, 0, 0, 0, 0, 0, 0, 0, 0, 150, 160, 1, 0, 175, 1, 0, 1, 0, 175, 1, 0, 1, 1, 0, 0, 1, -1, 15000, 5, 5, 5, L, N, N, N, N, N, N, N, N, N, N, N, N, N, N, N, N, N, N, N, N, N, N, N, 0, 0, 0, 0, 0, 0, 0, 0, 0, 0, 0, 0, 0, 0, 0, 0, 0, 0, 0, 0, 0, 0, 0, 3389770  3389874, , 3389491, 3389997, 3392596  3392789  3393026  3393123, 3392763  3392806  3393088  3393605, 3385185  3391329  3394827, 3387144  3391786, 3384394, 3384395, 3384396, 3392598, 3392601, 3392752  3392754, 3392767, R, 3394835, , , 1, 0, 0, 0, 1, 3394883, 3394889, L0:R10, 60.00, 000(1)1, <html><body bgcolor="rgb(230;180;180)" width="1000">000(1)1</body></html>, , 202, wrong_choice_chose_R, 3394875
Inf, Mode 0, 0, 0, 0, 0, 0, 0, 0, 0, 0, 0, 0, 0, 0, 0, 0, 0, 0, 0, 150, 160, 1, 0, 175, 1, 0, 1, 0, 175, 1, 0, 1, 1, 0, 0, 1, -1, 15000, 5, 5, 5, L, N, N, N, N, N, N, N, N, N, N, N, N, N, N, N, N, N, N, N, N, N, N, N, 0, 0, 0, 0, 0, 0, 0, 0, 0, 0, 0, 0, 0, 0, 0, 0, 0, 0, 0, 0, 0, 0, 0, , , , , 3400202  3400795, 3400370  3401201, 3396019  3397231  3397802  3402047, 3395449  3396363  3397404  3397958, 3395932, 3395932, 3395933, 3400204, 3400207, 3400358  3400360, 3400373, R, 3402053, , , 1, 0, 0, 0, 1, 3402094, 3402099, L0:R10, 60.00, 000(1)1, <html><body bgcolor="rgb(230;180;180)" width="1000">000(1)1</body></html>, , 202, wrong_choice_chose_R, 3402087
Inf, Mode 0, 0, 0, 0, 0, 0, 0, 0, 0, 0, 0, 0, 0, 0, 0, 0, 0, 0, 0, 150, 160, 1, 0, 175, 1, 0, 1, 0, 175, 1, 0, 1, 1, 0, 0, 1, -1, 15000, 5, 5, 5, L, N, N, N, N, N, N, N, N, N, N, N, N, N, N, N, N, N, N, N, N, N, N, N, 0, 0, 0, 0, 0, 0, 0, 0, 0, 0, 0, 0, 0, 0, 0, 0, 0, 0, 0, 0, 0, 0, 0, , , , , 3404610, 3405096, 3406307, 3402861, 3403110, 3403111, 3403112, 3404611, 3404613, 3404764  3404765, 3405099, R, 3406311, , , 1, 0, 0, 0, 1, 3406340, 3406344, L0:R10, 50.00, 000(1)1, <html><body bgcolor="rgb(230;180;180)" width="1000">000(1)1</body></html>, , 202, wrong_choice_chose_R, 3406333
Inf, Mode 0, 0, 0, 0, 0, 0, 0, 0, 0, 0, 0, 0, 0, 0, 0, 0, 0, 0, 0, 150, 160, 1, 0, 175, 1, 0, 1, 0, 175, 1, 0, 1, 1, 0, 0, 1, -1, 15000, 5, 5, 5, R, N, N, N, N, N, N, N, N, N, N, N, N, N, N, N, N, N, N, N, N, N, N, N, 0, 0, 0, 0, 0, 0, 0, 0, 0, 0, 0, 0, 0, 0, 0, 0, 0, 0, 0, 0, 0, 0, 0, , , , , 3408100  3408276, 3408264  3412028, 3413071, 3407012  3421755, 3407339, 3407340, 3407341, 3408101, 3408103, 3408255  3408256, 3408266, R, 3413077, , 3421758, 0, 0, 0, 0, 0, 3421778, 3421783, L0:R10, 50.00, 000(1)1, <html><body bgcolor="rgb(255;255;115)" width="1000">000(1)1</body></html>, 3413080, , , 
Inf, Mode 2, 0, 0, 0, 0, 0, 0, 0, 0, 0, 0, 0, 0, 0, 0, 0, 0, 0, 0, 150, 160, 1, 0, 175, 1, 0, 1, 0, 175, 1, 0, 1, 1, 0, 0, 1, -1, 15000, 5, 5, 5, L, N, N, N, N, N, N, N, N, N, N, N, N, N, N, N, N, N, N, N, N, N, N, N, 0, 0, 0, 0, 0, 0, 0, 0, 0, 0, 0, 0, 0, 0, 0, 0, 0, 0, 0, 0, 0, 0, 0, , , 3429678, 3430403, 3434445, 3435462, 3422602  3423284  3425167  3425604  3427570  3433267  3436495, 3423030  3423774  3425452  3425948  3428422  3433875, 3423030, 3423032, 3423033, 3434448, 3434453, 3434604  3434607, 3435466, R, 3436504, , , 1, 0, 0, 0, 1, 3436552, 3436557, L0:R10, 40.00, 000(1)1, <html><body bgcolor="rgb(230;180;180)" width="1000">000(1)1</body></html>, , 202, wrong_choice_chose_R, 3436544
Inf, Mode 2, 0, 0, 0, 0, 0, 0, 0, 0, 0, 0, 0, 0, 0, 0, 0, 0, 0, 0, 150, 160, 1, 0, 175, 1, 0, 1, 0, 175, 1, 0, 1, 1, 0, 0, 1, -1, 15000, 5, 5, 5, L, N, N, N, N, N, N, N, N, N, N, N, N, N, N, N, N, N, N, N, N, N, N, N, 0, 0, 0, 0, 0, 0, 0, 0, 0, 0, 0, 0, 0, 0, 0, 0, 0, 0, 0, 0, 0, 0, 0, , , , , 3439959, 3441331, 3437499  3438260  3442255, 3437375  3437998  3438559, 3437375, 3437376, 3437377, 3439961, 3439963, 3440114  3440116, 3441333, R, 3442261, , , 1, 0, 0, 0, 1, 3442295, 3442299, L0:R10, 40.00, 000(1)1, <html><body bgcolor="rgb(230;180;180)" width="1000">000(1)1</body></html>, , 202, wrong_choice_chose_R, 3442288
Inf, Mode 2, 0, 0, 0, 0, 0, 0, 0, 0, 0, 0, 0, 0, 0, 0, 0, 0, 0, 0, 150, 160, 1, 0, 175, 1, 0, 1, 0, 175, 1, 0, 1, 1, 0, 0, 1, -1, 15000, 5, 5, 5, L, N, N, N, N, N, N, N, N, N, N, N, N, N, N, N, N, N, N, N, N, N, N, N, 0, 0, 0, 0, 0, 0, 0, 0, 0, 0, 0, 0, 0, 0, 0, 0, 0, 0, 0, 0, 0, 0, 0, 3444915  3455007  3462713  3462891  3463013  3463127  3463237  3463350  3463469  3463592  3463756  3463865  3464075  3464207  3464351  3464488  3464625  3464773  3464929  3465072  3465212  3465376  3465521  3465660  3465817  3465923  3466029  3466186  3466313  3466484  3466607  3466724  3466828  3466936  3467068  3467214  3467376  3467533  3467720  3467871  3468098  3468236  3468344  3468446  3468988  3469101  3469314  3469587  3469954  3470068  3470325  3470504  3470641  3470743  3470902  3471004  3471244  3471369  3471875  3472029  3472175  3472330  3478788  3479028  3479130  3479273  3479782, , 3444755  3462538  3469801  3478603, 3444994  3469305  3472360  3479824, 3485725, 3486247, 3447386  3474557  3481599  3483976  3487306, 3443663  3447836  3474922  3482229  3484590, 3443663, 3443664, 3443665, 3485736, 3485749, 3485900  3485912, 3486260, R, 3487331, , , 1, 0, 0, 0, 1, 3487584, 3487585, L0:R10, 40.00, 000(1)1, <html><body bgcolor="rgb(230;180;180)" width="1000">000(1)1</body></html>, , 202, wrong_choice_chose_R, 3487580
Inf, Mode 2, 0, 0, 0, 0, 0, 0, 0, 0, 0, 0, 0, 0, 0, 0, 0, 0, 0, 0, 150, 160, 1, 0, 175, 1, 0, 1, 0, 175, 1, 0, 1, 1, 0, 0, 1, -1, 15000, 5, 5, 5, L, N, N, N, N, N, N, N, N, N, N, N, N, N, N, N, N, N, N, N, N, N, N, N, 0, 0, 0, 0, 0, 0, 0, 0, 0, 0, 0, 0, 0, 0, 0, 0, 0, 0, 0, 0, 0, 0, 0, , , , , 3490445, 3490840, 3489095  3491774, 3488455  3489301, 3488832, 3488833, 3488834, 3490446, 3490449, 3490600  3490603, 3490842, R, 3491779, , , 1, 0, 0, 0, 1, 3491810, 3491814, L0:R10, 30.00, 000(1)1, <html><body bgcolor="rgb(230;180;180)" width="1000">000(1)1</body></html>, , 202, wrong_choice_chose_R, 3491804
Inf, Mode 2, 0, 0, 0, 0, 0, 0, 0, 0, 0, 0, 0, 0, 0, 0, 0, 0, 0, 0, 150, 160, 1, 0, 175, 1, 0, 1, 0, 175, 1, 0, 1, 1, 0, 0, 1, -1, 15000, 5, 5, 5, L, N, N, N, N, N, N, N, N, N, N, N, N, N, N, N, N, N, N, N, N, N, N, N, 0, 0, 0, 0, 0, 0, 0, 0, 0, 0, 0, 0, 0, 0, 0, 0, 0, 0, 0, 0, 0, 0, 0, , , , , 3493377, 3493926, 3494791, 3492232, 3493071, 3493072, 3493073, 3493378, 3493380, 3493531  3493532, 3493928, R, 3494795, , , 1, 0, 0, 0, 1, 3494823, 3494828, L0:R10, 20.00, 000(1)1, <html><body bgcolor="rgb(230;180;180)" width="1000">000(1)1</body></html>, , 202, wrong_choice_chose_R, 3494817
Inf, Mode 2, 0, 0, 0, 0, 0, 0, 0, 0, 0, 0, 0, 0, 0, 0, 0, 0, 0, 0, 150, 160, 1, 0, 175, 1, 0, 1, 0, 175, 1, 0, 1, 1, 0, 0, 1, -1, 15000, 5, 5, 5, L, N, N, N, N, N, N, N, N, N, N, N, N, N, N, N, N, N, N, N, N, N, N, N, 0, 0, 0, 0, 0, 0, 0, 0, 0, 0, 0, 0, 0, 0, 0, 0, 0, 0, 0, 0, 0, 0, 0, , , , , 3497365, 3498227, 3499005, 3495548, 3496099, 3496100, 3496101, 3497366, 3497368, 3497519  3497520, 3498229, R, 3499010, , , 1, 0, 0, 0, 1, 3499038, 3499042, L0:R10, 10.00, 000(1)1, <html><body bgcolor="rgb(230;180;180)" width="1000">000(1)1</body></html>, , 202, wrong_choice_chose_R, 3499032
Inf, Mode 2, 0, 0, 0, 0, 0, 0, 0, 0, 0, 0, 0, 0, 0, 0, 0, 0, 0, 0, 150, 160, 1, 0, 175, 1, 0, 1, 0, 175, 1, 0, 1, 1, 0, 0, 1, -1, 15000, 5, 5, 5, L, N, N, N, N, N, N, N, N, N, N, N, N, N, N, N, N, N, N, N, N, N, N, N, 0, 0, 0, 0, 0, 0, 0, 0, 0, 0, 0, 0, 0, 0, 0, 0, 0, 0, 0, 0, 0, 0, 0, , , 3523916, 3524203, 3527911, 3528566, 3526336  3530231, 3499498  3526835, 3500322, 3500323, 3500323, 3527913, 3527915, 3528066  3528068, 3528568, R, 3530236, , , 1, 0, 0, 0, 1, 3530271, 3530275, L0:R10, 10.00, 000(1)1, <html><body bgcolor="rgb(230;180;180)" width="1000">000(1)1</body></html>, , 202, wrong_choice_chose_R, 3530264
Inf, Mode 2, 0, 0, 0, 0, 0, 0, 0, 0, 0, 0, 0, 0, 0, 0, 0, 0, 0, 0, 150, 160, 1, 0, 175, 1, 0, 1, 0, 175, 1, 0, 1, 1, 0, 0, 1, -1, 15000, 5, 5, 5, L, N, N, N, N, N, N, N, N, N, N, N, N, N, N, N, N, N, N, N, N, N, N, N, 0, 0, 0, 0, 0, 0, 0, 0, 0, 0, 0, 0, 0, 0, 0, 0, 0, 0, 0, 0, 0, 0, 0, , , , , 3534083, 3534836, 3535485, 3532056, 3532056, 3532057, 3532058, 3534084, 3534086, 3534237  3534238, 3534838, R, 3535490, , , 1, 0, 0, 0, 1, 3535518, 3535522, L0:R10, 10.00, 000(1)1, <html><body bgcolor="rgb(230;180;180)" width="1000">000(1)1</body></html>, , 202, wrong_choice_chose_R, 3535512
Inf, Mode 2, 0, 0, 0, 0, 0, 0, 0, 0, 0, 0, 0, 0, 0, 0, 0, 0, 0, 0, 150, 160, 1, 0, 175, 1, 0, 1, 0, 175, 1, 0, 1, 1, 0, 0, 1, -1, 15000, 5, 5, 5, L, N, N, N, N, N, N, N, N, N, N, N, N, N, N, N, N, N, N, N, N, N, N, N, 0, 0, 0, 0, 0, 0, 0, 0, 0, 0, 0, 0, 0, 0, 0, 0, 0, 0, 0, 0, 0, 0, 0, , , , , 3538002  3538380  3538716, 3538332  3538683  3539260, 3539899, 3536881, 3536881, 3536882, 3536883, 3538004, 3538006, 3538157  3538158, 3538334, R, 3539904, , , 1, 0, 0, 0, 1, 3539940, 3539944, L0:R10, 10.00, 000(1)1, <html><body bgcolor="rgb(230;180;180)" width="1000">000(1)1</body></html>, , 202, wrong_choice_chose_R, 3539933
Inf, Mode 2, 0, 0, 0, 0, 0, 0, 0, 0, 0, 0, 0, 0, 0, 0, 0, 0, 0, 0, 150, 160, 1, 0, 175, 1, 0, 1, 0, 175, 1, 0, 1, 1, 0, 0, 1, -1, 15000, 5, 5, 5, L, N, N, N, N, N, N, N, N, N, N, N, N, N, N, N, N, N, N, N, N, N, N, N, 0, 0, 0, 0, 0, 0, 0, 0, 0, 0, 0, 0, 0, 0, 0, 0, 0, 0, 0, 0, 0, 0, 0, 3561504  3561657  3561801  3561924  3562033  3562249  3562362  3563304  3563416  3563530  3586094  3586354, , 3542294  3561345, 3542565  3563594, 3584887, 3585073, 3556429  3577542  3578563  3578649  3581363  3586267, 3540428  3557123  3578516  3578617  3578972  3583248, 3541297, 3541298, 3541299, 3584891, 3584898, 3585049  3585054, 3585078, R, 3586278, , , 1, 0, 0, 0, 1, 3586338, 3586346, L0:R10, 0.00, 000(1)1, <html><body bgcolor="rgb(230;180;180)" width="1000">000(1)1</body></html>, , 202, wrong_choice_chose_R, 3586329
Inf, Mode 2, 0, 0, 0, 0, 0, 0, 0, 0, 0, 0, 0, 0, 0, 0, 0, 0, 0, 0, 150, 160, 1, 0, 175, 1, 0, 1, 0, 175, 1, 0, 1, 1, 0, 0, 1, -1, 15000, 5, 5, 5, L, N, N, N, N, N, N, N, N, N, N, N, N, N, N, N, N, N, N, N, N, N, N, N, 0, 0, 0, 0, 0, 0, 0, 0, 0, 0, 0, 0, 0, 0, 0, 0, 0, 0, 0, 0, 0, 0, 0, 3594681  3594820  3594968  3595074  3595178  3595281  3595405  3595566  3595688  3595844  3595970  3596113  3596255  3596395  3596540  3596683  3596843  3597012  3597164  3597309  3597467  3597614  3597783  3597943  3598050  3598153  3598259  3598383  3598540  3598646  3598845  3598980  3599147  3599253  3599415  3599593  3599755  3599880  3599987  3600545  3600690  3600852  3600956  3601536  3601698  3601852  3601976  3602138  3602249  3602738  3602894  3603044  3603161  3603383  3603490  3603638  3603949  3604064  3604167  3604309  3604414  3604739  3604875  3605025  3605500  3614481  3614603  3614753  3614894  3615543  3615663  3615796  3615903  3616394, , 3594558  3614338, 3605547  3616375, 3621591  3621947  3622155, 3621811  3622087  3622691, 3590889  3610894  3619439  3623962, 3587219  3591707  3611582  3619862, 3587816, 3587816, 3587817, 3621602, 3621614, 3621765  3621776, 3621823, R, 3623988, , , 1, 0, 0, 0, 1, 3624193, 3624195, L0:R10, 0.00, 000(1)1, <html><body bgcolor="rgb(230;180;180)" width="1000">000(1)1</body></html>, , 202, wrong_choice_chose_R, 3624188
Inf, Mode 2, 0, 0, 0, 0, 0, 0, 0, 0, 0, 0, 0, 0, 0, 0, 0, 0, 0, 0, 150, 160, 1, 0, 175, 1, 0, 1, 0, 175, 1, 0, 1, 1, 0, 0, 1, -1, 15000, 5, 5, 5, L, N, N, N, N, N, N, N, N, N, N, N, N, N, N, N, N, N, N, N, N, N, N, N, 0, 0, 0, 0, 0, 0, 0, 0, 0, 0, 0, 0, 0, 0, 0, 0, 0, 0, 0, 0, 0, 0, 0, , , , , 3631035, 3632787, 3628146  3634080, 3624441  3629678, 3625623, 3625624, 3625625, 3631036, 3631039, 3631190  3631192, 3632789, R, 3634085, , , 1, 0, 0, 0, 1, 3634116, 3634121, L0:R10, 0.00, 000(1)1, <html><body bgcolor="rgb(230;180;180)" width="1000">000(1)1</body></html>, , 202, wrong_choice_chose_R, 3634110
Inf, Mode 2, 0, 0, 0, 0, 0, 0, 0, 0, 0, 0, 0, 0, 0, 0, 0, 0, 0, 0, 150, 160, 1, 0, 175, 1, 0, 1, 0, 175, 1, 0, 1, 1, 0, 0, 1, -1, 15000, 5, 5, 5, L, N, N, N, N, N, N, N, N, N, N, N, N, N, N, N, N, N, N, N, N, N, N, N, 0, 0, 0, 0, 0, 0, 0, 0, 0, 0, 0, 0, 0, 0, 0, 0, 0, 0, 0, 0, 0, 0, 0, 3636197, , 3636004  3661242, 3636255  3661446, 3669007  3669214, 3669180  3670234, 3641878  3642119  3663470  3663824  3667143  3670988, 3634589  3641950  3642187  3663773  3664778  3668033, 3635495, 3635496, 3635498, 3669010, 3669015, 3669166  3669170, 3669184, R, 3670998, , , 1, 0, 0, 0, 1, 3671052, 3671058, L0:R10, 0.00, 000(1)1, <html><body bgcolor="rgb(230;180;180)" width="1000">000(1)1</body></html>, , 202, wrong_choice_chose_R, 3671043
Inf, Mode 2, 0, 0, 0, 0, 0, 0, 0, 0, 0, 0, 0, 0, 0, 0, 0, 0, 0, 0, 150, 160, 1, 0, 175, 1, 0, 1, 0, 175, 1, 0, 1, 1, 0, 0, 1, -1, 15000, 5, 5, 5, L, N, N, N, N, N, N, N, N, N, N, N, N, N, N, N, N, N, N, N, N, N, N, N, 0, 0, 0, 0, 0, 0, 0, 0, 0, 0, 0, 0, 0, 0, 0, 0, 0, 0, 0, 0, 0, 0, 0, , , , , 3674270  3674899, 3674694  3675011, 3676136, 3672268, 3672269, 3672270, 3672270, 3674271, 3674273, 3674424  3674425, 3674696, R, 3676141, , , 1, 0, 0, 0, 1, 3676173, 3676177, L0:R10, 0.00, 000(1)1, <html><body bgcolor="rgb(230;180;180)" width="1000">000(1)1</body></html>, , 202, wrong_choice_chose_R, 3676167
Inf, Mode 2, 0, 0, 0, 0, 0, 0, 0, 0, 0, 0, 0, 0, 0, 0, 0, 0, 0, 0, 150, 160, 1, 0, 175, 1, 0, 1, 0, 175, 1, 0, 1, 1, 0, 0, 1, -1, 15000, 5, 5, 5, L, N, N, N, N, N, N, N, N, N, N, N, N, N, N, N, N, N, N, N, N, N, N, N, 0, 0, 0, 0, 0, 0, 0, 0, 0, 0, 0, 0, 0, 0, 0, 0, 0, 0, 0, 0, 0, 0, 0, , , 3682182, 3682230, 3732842, 3733427, 3703020  3705822  3725988  3729639  3730453  3734269, 3677596  3703623  3706796  3726438  3730388  3730697, 3677596, 3677597, 3677598, 3732845, 3732849, 3733000  3733003, 3733431, R, 3734278, , , 1, 0, 0, 0, 1, 3734324, 3734330, L0:R10, 0.00, 000(1)1, <html><body bgcolor="rgb(230;180;180)" width="1000">000(1)1</body></html>, , 202, wrong_choice_chose_R, 3734316
Inf, Mode 2, 0, 0, 0, 0, 0, 0, 0, 0, 0, 0, 0, 0, 0, 0, 0, 0, 0, 0, 150, 160, 1, 0, 175, 1, 0, 1, 0, 175, 1, 0, 1, 1, 0, 0, 1, -1, 15000, 5, 5, 5, L, N, N, N, N, N, N, N, N, N, N, N, N, N, N, N, N, N, N, N, N, N, N, N, 0, 0, 0, 0, 0, 0, 0, 0, 0, 0, 0, 0, 0, 0, 0, 0, 0, 0, 0, 0, 0, 0, 0, 3737473  3737583, , 3737321  3737813, 3737582  3737981, 3739614, 3740103, 3741300, 3735049, 3735049, 3735050, 3735051, 3739616, 3739619, 3739770  3739772, 3740106, R, 3741306, , , 1, 0, 0, 0, 1, 3741342, 3741347, L0:R10, 0.00, 000(1)1, <html><body bgcolor="rgb(230;180;180)" width="1000">000(1)1</body></html>, , 202, wrong_choice_chose_R, 3741336
Inf, Mode 2, 0, 0, 0, 0, 0, 0, 0, 0, 0, 0, 0, 0, 0, 0, 0, 0, 0, 0, 150, 160, 1, 0, 175, 1, 0, 1, 0, 175, 1, 0, 1, 1, 0, 0, 1, -1, 15000, 5, 5, 5, L, N, N, N, N, N, N, N, N, N, N, N, N, N, N, N, N, N, N, N, N, N, N, N, 0, 0, 0, 0, 0, 0, 0, 0, 0, 0, 0, 0, 0, 0, 0, 0, 0, 0, 0, 0, 0, 0, 0, , , , , 3742667  3743561, 3742830  3747306, 3753230, 3741681, 3741891, 3741892, 3741893, 3742668, 3742670, 3742821  3742822, 3742832, R, 3753235, , , 1, 0, 0, 0, 1, 3753267, 3753271, L0:R10, 0.00, 000(1)1, <html><body bgcolor="rgb(230;180;180)" width="1000">000(1)1</body></html>, , 202, wrong_choice_chose_R, 3753261
Inf, Mode 2, 0, 0, 0, 0, 0, 0, 0, 0, 0, 0, 0, 0, 0, 0, 0, 0, 0, 0, 150, 160, 1, 0, 175, 1, 0, 1, 0, 175, 1, 0, 1, 1, 0, 0, 1, -1, 15000, 5, 5, 5, L, N, N, N, N, N, N, N, N, N, N, N, N, N, N, N, N, N, N, N, N, N, N, N, 0, 0, 0, 0, 0, 0, 0, 0, 0, 0, 0, 0, 0, 0, 0, 0, 0, 0, 0, 0, 0, 0, 0, , , , , 3760219  3761086, 3760958  3761424, 3756131  3756214  3757193  3758100  3758836  3762211, 3755124  3756196  3756458  3757618  3758254  3759327, 3755124, 3755125, 3755126, 3760221, 3760225, 3760376  3760379, 3760961, R, 3762220, , , 1, 0, 0, 0, 1, 3762266, 3762272, L0:R10, 0.00, 000(1)1, <html><body bgcolor="rgb(230;180;180)" width="1000">000(1)1</body></html>, , 202, wrong_choice_chose_R, 3762257
Inf, Mode 2, 0, 0, 0, 0, 0, 0, 0, 0, 0, 0, 0, 0, 0, 0, 0, 0, 0, 0, 150, 160, 1, 0, 175, 1, 0, 1, 0, 175, 1, 0, 1, 1, 0, 0, 1, -1, 15000, 5, 5, 5, L, N, N, N, N, N, N, N, N, N, N, N, N, N, N, N, N, N, N, N, N, N, N, N, 0, 0, 0, 0, 0, 0, 0, 0, 0, 0, 0, 0, 0, 0, 0, 0, 0, 0, 0, 0, 0, 0, 0, , , , , 3763916  3765051, 3764979  3765195, 3766329, 3762668, 3762836, 3762837, 3762838, 3763917, 3763919, 3764070  3764071, 3764981, R, 3766334, , , 1, 0, 0, 0, 1, 3766366, 3766370, L0:R10, 0.00, 000(1)1, <html><body bgcolor="rgb(230;180;180)" width="1000">000(1)1</body></html>, , 202, wrong_choice_chose_R, 3766359
Inf, Mode 2, 0, 0, 0, 0, 0, 0, 0, 0, 0, 0, 0, 0, 0, 0, 0, 0, 0, 0, 150, 160, 1, 0, 175, 1, 0, 1, 0, 175, 1, 0, 1, 1, 0, 0, 1, -1, 15000, 5, 5, 5, L, N, N, N, N, N, N, N, N, N, N, N, N, N, N, N, N, N, N, N, N, N, N, N, 0, 0, 0, 0, 0, 0, 0, 0, 0, 0, 0, 0, 0, 0, 0, 0, 0, 0, 0, 0, 0, 0, 0, , , , , , , , , , , , , , , , , , , , , , , , , , , , , , , , , , 
