max_trials, mode, repeat_wrong, win_delays, lose_delays, L_win_L_delay, L_lose_L_delay, R_win_L_delay, R_lose_L_delay, R_win_R_delay, R_lose_R_delay, L_win_R_delay, L_lose_R_delay, odor1_id, odor1_delay, odor1_duration, odor2_id, odor2_delay, odor2_duration, tone_delay, tone_duration, tone_period, L_reward_id, L_reward_delay, L_reward_duration, L_reward_num, L_bolus_delay, R_reward_id, R_reward_delay, R_reward_duration, R_reward_num, R_bolus_delay, trial_delay, error_duration, odor_port_error, well_error, choice_error, odor_port_timeout, well_timeout, debounce_up, debounce_down_odor_port, debounce_down_well, rewarded_well, odor_port_timeout_stim, odor_port_on_stim, odor_port_off_stim, odor1_on_stim, odor1_off_stim, odor2_on_stim, odor2_off_stim, tone_on_stim, tone_off_stim, L_well_on_stim, L_well_off_stim, R_well_on_stim, R_well_off_stim, L_reward_on_stim, L_reward_off_stim, R_reward_on_stim, R_reward_off_stim, reward_on_stim, reward_off_stim, well_timeout_stim, odor_port_early_go_stim, well_early_go_stim, wrong_choice_stim, odor_port_timeout_stim_delay, odor_port_on_stim_delay, odor_port_off_stim_delay, odor1_on_stim_delay, odor1_off_stim_delay, odor2_on_stim_delay, odor2_off_stim_delay, tone_on_stim_delay, tone_off_stim_delay, L_well_on_stim_delay, L_well_off_stim_delay, R_well_on_stim_delay, R_well_off_stim_delay, L_reward_on_stim_delay, L_reward_off_stim_delay, R_reward_on_stim_delay, R_reward_off_stim_delay, reward_on_stim_delay, reward_off_stim_delay, well_timeout_stim_delay, odor_port_early_go_stim_delay, well_early_go_stim_delay, wrong_choice_stim_delay, L_lick_ts, R_lick_ts, R_well_all_on_ts, L_well_all_on_ts, L_well_all_off_ts, R_well_all_off_ts, trial_start_ts, R_light_on_ts, L_light_on_ts, odor_port_all_on_ts, odor_port_on_ts, tone_on_ts, tone_off_ts, odor_port_all_off_ts, odor_port_off_ts, error_id, error_string, error_flg, odor_port_timeout_flg, odor_port_early_go_flg, wrong_choice_flg, well_early_go_flg, house_light_on_ts, R_light_off_ts, L_light_off_ts, choices, performance, L_clicks, R_clicks, well_id, well_on_ts, L_reward_ts, well_off_ts, R_reward_ts
Inf, Mode 0, 0, 0, 0, 0, 0, 0, 0, 0, 0, 0, 0, 0, 0, 0, 0, 0, 0, 0, 150, 160, 1, 0, 110, 1, 0, 1, 0, 115, 1, 0, 1, 1, 0, 0, 1, -1, 15000, 5, 5, 5, E, N, N, N, N, N, N, N, N, N, N, N, N, N, N, N, N, N, N, N, N, N, N, N, 0, 0, 0, 0, 0, 0, 0, 0, 0, 0, 0, 0, 0, 0, 0, 0, 0, 0, 0, 0, 0, 0, 0, 1   597208   597312  2243692  2243885  2244045, 1  597261  598632, 586207  2214556, 587379  2227024  2243468, 597190  2227115  2244104, 597227  2214620, 1934320, 1934322, 1934324, 2246308, 2246311, 2246316, 2246467, 2248081, 2248085, 204, no_go, 1, 1, 0, 0, 0, 2263116, 2263123, 2263130, L0:R0, 0.00, 000(1)1, 000(1)1, , , , , 
Inf, Mode 0, 0, 0, 0, 0, 0, 0, 0, 0, 0, 0, 0, 0, 0, 0, 0, 0, 0, 0, 150, 160, 1, 0, 110, 1, 0, 1, 0, 115, 1, 0, 1, 1, 0, 0, 1, -1, 15000, 5, 5, 5, E, N, N, N, N, N, N, N, N, N, N, N, N, N, N, N, N, N, N, N, N, N, N, N, 0, 0, 0, 0, 0, 0, 0, 0, 0, 0, 0, 0, 0, 0, 0, 0, 0, 0, 0, 0, 0, 0, 0, 2296748  2296886, , , 2296508, 2296898, , 2264511, 2264512, 2264513, 2292340  2292515, 2292341, 2292343, 2292493, 2292500  2293222, 2292501, , , 0, 0, 0, 0, 0, , 2296920, 2296924, L1:R0, 100.00, <html><body bgcolor="rgb(255;255;115)" width="1000">000(1)1</body></html>, 000(1)1, L, 2296512, 2296515, 2296900, 
Inf, Mode 0, 0, 0, 0, 0, 0, 0, 0, 0, 0, 0, 0, 0, 0, 0, 0, 0, 0, 0, 150, 160, 1, 0, 110, 1, 0, 1, 0, 115, 1, 0, 1, 1, 0, 0, 1, -1, 15000, 5, 5, 5, E, N, N, N, N, N, N, N, N, N, N, N, N, N, N, N, N, N, N, N, N, N, N, N, 0, 0, 0, 0, 0, 0, 0, 0, 0, 0, 0, 0, 0, 0, 0, 0, 0, 0, 0, 0, 0, 0, 0, , , 2334991, , , 2335121, 2297521, 2297522, 2297522, 2328359  2328599, 2328360, 2328363, 2328512, 2328562  2328819, 2328563, , , 0, 0, 0, 0, 0, , 2335141, 2335144, L1:R1, 100.00, 000(1)1, <html><body bgcolor="rgb(255;255;115)" width="1000">000(1)1</body></html>, R, 2334995, , 2335123, 2334997
Inf, Mode 0, 0, 0, 0, 0, 0, 0, 0, 0, 0, 0, 0, 0, 0, 0, 0, 0, 0, 0, 150, 160, 1, 0, 110, 1, 0, 1, 0, 115, 1, 0, 1, 1, 0, 0, 1, -1, 15000, 5, 5, 5, E, N, N, N, N, N, N, N, N, N, N, N, N, N, N, N, N, N, N, N, N, N, N, N, 0, 0, 0, 0, 0, 0, 0, 0, 0, 0, 0, 0, 0, 0, 0, 0, 0, 0, 0, 0, 0, 0, 0, 2355169, 2335248, , 2355014, 2355416, , 2335916, 2335917, 2335918, 2353229  2353641, 2353230, 2353232, 2353383, 2353442  2354165, 2353443, , , 0, 0, 0, 0, 0, , 2355437, 2355441, L2:R1, 100.00, <html><body bgcolor="rgb(255;255;115)" width="1000">000(1)1</body></html>, 000(1)1, L, 2355018, 2355021, 2355419, 
Inf, Mode 0, 0, 0, 0, 0, 0, 0, 0, 0, 0, 0, 0, 0, 0, 0, 0, 0, 0, 0, 150, 160, 1, 0, 110, 1, 0, 1, 0, 115, 1, 0, 1, 1, 0, 0, 1, -1, 15000, 5, 5, 5, E, N, N, N, N, N, N, N, N, N, N, N, N, N, N, N, N, N, N, N, N, N, N, N, 0, 0, 0, 0, 0, 0, 0, 0, 0, 0, 0, 0, 0, 0, 0, 0, 0, 0, 0, 0, 0, 0, 0, 2357390  2357509  2414898  2415193  2415460  2415578  2415688  2415805  2415923  2416031  2416177  2416295  2416421  2416538  2416645  2416756  2416873  2416994  2417182  2417356  2417565  2417724  2417847  2417973  2418102  2418228  2418361  2418504  2418634  2418770  2418898  2419051  2419195  2419316  2419460  2419658  2419762  2419872  2419978  2420112  2420215  2420336  2420459  2420832  2420978  2421123  2421272  2421397  2421543  2421653  2421762  2421884  2422039  2422182  2422354  2422515  2422666  2422998  2423340  2423444  2423572  2423676  2423812  2424100  2424220  2424407  2424614  2425603  2425718  2426159  2426338  2426567  2426686  2426789  2426932  2427111, 2369968  2370189  2375074  2375182  2375475  2375590  2375695  2375900  2376046  2376150  2376348  2376526  2376692  2376812  2376914  2383024  2383144  2383304  2383419  2383526  2383645  2383759  2383942  2384140  2384558  2384668  2384781  2384926  2385179  2385308  2385443  2385547  2385649  2385755  2385884  2386008  2386112  2386534  2386663  2386772  2386881  2387015  2387156  2387629  2387761  2387953  2388383  2388686  2389046  2389201  2389383  2389555  2389725  2389882  2390425  2390528  2390630  2390871  2391091  2391451  2391567  2391673  2391780  2391889  2392037  2392777  2393276  2393446  2394550  2394684  2394798  2401981  2402179  2402353  2402505  2402710  2402820  2402961  2403083  2403228  2403382  2403516  2403821  2432266  2432380  2432552  2432656  2432762  2432871  2433002  2433138  2433260  2433392  2433536  2433671  2433806  2433956  2434110  2434237  2434523  2434667  2434829  2434975  2435120  2435278  2435410  2435561  2435716  2435826  2435975  2436094  2436289  2436407  2436541  2436670, 2369225  2369402  2369468  2371574  2372386  2372419  2373123  2373256  2373326  2377107  2377366  2377542  2378143  2378724  2378830  2379224  2382300  2382372  2393091  2394319  2396587  2396736  2396812  2401173  2401717  2405294  2432003, 2414804  2425512, 2424584  2427081, 2369350  2369452  2371534  2372052  2372395  2372476  2373165  2373298  2377065  2377328  2377430  2377554  2378580  2378764  2378889  2379421  2382350  2392061  2393394  2394864  2396604  2396754  2396910  2401192  2403766  2405398  2436718, 2356187, 2356188, 2356188, 2429877  2430651, 2429879, 2429882, 2430033, 2430041  2430697, 2430044, , , 0, 0, 0, 0, 0, , 2436771, 2436781, L2:R2, 100.00, 000(1)1, <html><body bgcolor="rgb(255;255;115)" width="1000">000(1)1</body></html>, R, 2432009, , 2436725, 2432013
Inf, Mode 0, 0, 0, 0, 0, 0, 0, 0, 0, 0, 0, 0, 0, 0, 0, 0, 0, 0, 0, 150, 160, 1, 0, 110, 1, 0, 1, 0, 115, 1, 0, 1, 1, 0, 0, 1, -1, 15000, 5, 5, 5, E, N, N, N, N, N, N, N, N, N, N, N, N, N, N, N, N, N, N, N, N, N, N, N, 0, 0, 0, 0, 0, 0, 0, 0, 0, 0, 0, 0, 0, 0, 0, 0, 0, 0, 0, 0, 0, 0, 0, 2471482  2471611  2471724  2471835  2471943  2472053  2472274  2472381  2472489  2472595  2472733  2473049  2473203  2473352  2473480  2473625  2473769, 2436899  2437721  2437886  2438022  2464412, 2437484  2437823  2464191, 2471282  2485215, 2473702  2485347, 2437651  2437849  2464506, 2437724, 2437725, 2437726, 2483379, 2483383, 2483389, 2483540, 2483552, 2483557, , , 0, 0, 0, 0, 0, , 2485391, 2485398, L3:R2, 100.00, <html><body bgcolor="rgb(255;255;115)" width="1000">000(1)1</body></html>, 000(1)1, L, 2485225, 2485231, 2485353, 
Inf, Mode 0, 0, 0, 0, 0, 0, 0, 0, 0, 0, 0, 0, 0, 0, 0, 0, 0, 0, 0, 150, 160, 1, 0, 110, 1, 0, 1, 0, 115, 1, 0, 1, 1, 0, 0, 1, -1, 15000, 5, 5, 5, E, N, N, N, N, N, N, N, N, N, N, N, N, N, N, N, N, N, N, N, N, N, N, N, 0, 0, 0, 0, 0, 0, 0, 0, 0, 0, 0, 0, 0, 0, 0, 0, 0, 0, 0, 0, 0, 0, 0, 2485616  2485761  2485897  2486013  2486151  2486291  2486394  2486534  2486743  2486884  2487023  2487156  2487303  2487449  2487581  2487725  2487868  2488029  2488206  2488343  2488488  2488607  2488732  2488885  2489153  2489311  2489419  2489652  2489791  2489947  2490600  2490715  2490829, 2504109  2504287  2504498  2504601  2504722  2509116  2510646  2510752, 2502918  2502988  2503827  2507804  2509510  2510511  2510699  2511010  2511190, 2485500  2490502  2491534  2491735  2492823  2493592, 2489951  2490871  2491723  2492321  2492940  2494035, 2502961  2503184  2504807  2507853  2509722  2510541  2510714  2511081  2511220, 2489955, 2489959, 2489963, 2511477, 2511488, 2511498, 2511649, 2511660, 2511671, 204, no_go, 1, 1, 0, 0, 0, 2526750, 2526765, 2526777, L3:R2, 100.00, 000(1)1, 000(1)1, , , , , 
Inf, Mode 0, 0, 0, 0, 0, 0, 0, 0, 0, 0, 0, 0, 0, 0, 0, 0, 0, 0, 0, 150, 160, 1, 0, 110, 1, 0, 1, 0, 115, 1, 0, 1, 1, 0, 0, 1, -1, 15000, 5, 5, 5, E, N, N, N, N, N, N, N, N, N, N, N, N, N, N, N, N, N, N, N, N, N, N, N, 0, 0, 0, 0, 0, 0, 0, 0, 0, 0, 0, 0, 0, 0, 0, 0, 0, 0, 0, 0, 0, 0, 0, 2544057  2544189  2544351  2544570  2544673  2544781  2544890  2545027  2545169  2545272  2545385  2545530  2545661  2545783  2545921  2546064  2546201  2599555, 2604155  2604283  2604442  2604548  2604652  2604767  2604890  2604998  2605120  2605241  2605351  2605463  2605584  2605708  2605834  2605967  2606100  2606257  2606375  2606505  2606633  2606741  2607120  2607236  2607348  2607457  2607560  2607678  2607818  2607950  2608054  2608171  2608448  2608567, 2588078  2604045, 2542385  2544089  2600043  2600543  2601039  2601403  2601800, 2542483  2546213  2600142  2600607  2601189  2601487  2601881, 2588595  2608881, 2527697, 2527697, 2527698, 2602062, 2602067, 2602074, 2602225, 2602236, 2602243, , , 0, 0, 0, 0, 0, , 2608956, 2608968, L3:R3, 100.00, 000(1)1, <html><body bgcolor="rgb(255;255;115)" width="1000">000(1)1</body></html>, R, 2604057, , 2608891, 2604063
Inf, Mode 0, 0, 0, 0, 0, 0, 0, 0, 0, 0, 0, 0, 0, 0, 0, 0, 0, 0, 0, 150, 160, 1, 0, 110, 1, 0, 1, 0, 115, 1, 0, 1, 1, 0, 0, 1, -1, 15000, 5, 5, 5, E, N, N, N, N, N, N, N, N, N, N, N, N, N, N, N, N, N, N, N, N, N, N, N, 0, 0, 0, 0, 0, 0, 0, 0, 0, 0, 0, 0, 0, 0, 0, 0, 0, 0, 0, 0, 0, 0, 0, 2650066  2650216  2650340  2650513  2650621  2650732  2650856  2650969  2651079  2651203  2651332  2651456  2651587  2651720  2651868  2651994  2652127  2652266  2652414  2652523, 2609133  2609848  2638398  2640286  2640466  2640570  2640685  2640788  2640934  2641110  2641217  2641338  2646857, 2638219  2638923  2640099  2642573, 2649802, 2652578, 2638245  2638969  2641476  2642641, 2609951, 2609952, 2609953, 2646695, 2646699, 2646704, 2646854, 2648214, 2648218, , , 0, 0, 0, 0, 0, , 2652631, 2652639, L4:R3, 100.00, <html><body bgcolor="rgb(255;255;115)" width="1000">000(1)1</body></html>, 000(1)1, L, 2649811, 2649816, 2652585, 
Inf, Mode 0, 0, 0, 0, 0, 0, 0, 0, 0, 0, 0, 0, 0, 0, 0, 0, 0, 0, 0, 150, 160, 1, 0, 110, 1, 0, 1, 0, 115, 1, 0, 1, 1, 0, 0, 1, -1, 15000, 5, 5, 5, E, N, N, N, N, N, N, N, N, N, N, N, N, N, N, N, N, N, N, N, N, N, N, N, 0, 0, 0, 0, 0, 0, 0, 0, 0, 0, 0, 0, 0, 0, 0, 0, 0, 0, 0, 0, 0, 0, 0, 2653334  2653442  2700250  2700389  2700493  2700603  2700710  2700818  2700936  2701123  2701244  2701361  2701475  2701595  2701720  2701849  2701974  2702142  2702266  2702392, , 2668456, 2653166  2654117  2699992, 2653476  2654167  2702458, 2668508, 2653477, 2653478, 2653479, 2689991, 2689993, 2689996, 2690147, 2690155, 2690157, , , 0, 0, 0, 0, 0, , 2702498, 2702504, L5:R3, 100.00, <html><body bgcolor="rgb(255;255;115)" width="1000">000(1)1</body></html>, 000(1)1, L, 2699998, 2700001, 2702464, 
Inf, Mode 0, 0, 0, 0, 0, 0, 0, 0, 0, 0, 0, 0, 0, 0, 0, 0, 0, 0, 0, 150, 160, 1, 0, 110, 1, 0, 1, 0, 115, 1, 0, 1, 1, 0, 0, 1, -1, 15000, 5, 5, 5, E, N, N, N, N, N, N, N, N, N, N, N, N, N, N, N, N, N, N, N, N, N, N, N, 0, 0, 0, 0, 0, 0, 0, 0, 0, 0, 0, 0, 0, 0, 0, 0, 0, 0, 0, 0, 0, 0, 0, 2702594  2710376  2710509  2710618  2710829  2710942  2711052  2711190  2711328  2711461  2711750  2711888  2712016  2712136  2712295  2712461  2712591  2713367  2713541  2739422  2739581  2739721  2739836  2739989  2740176  2740281  2740404  2740525  2740647, 2745118  2745224  2745338  2745449  2745564  2745671  2745785  2745914  2746024  2746128  2746236  2746353  2746460  2746577  2746732  2746858  2746989  2747107  2747240  2747384  2747541  2747680  2747809  2747956, 2744878, 2710210  2710276  2712801  2739321, 2710223  2712538  2712820  2740597, 2747978, 2703234, 2703235, 2703236, 2742831  2743811, 2742836, 2742842, 2742993, 2743005  2743882, 2743011, , , 0, 0, 0, 0, 0, , 2748048, 2748059, L5:R4, 100.00, 000(1)1, <html><body bgcolor="rgb(255;255;115)" width="1000">000(1)1</body></html>, R, 2744890, , 2747987, 2744897
Inf, Mode 0, 0, 0, 0, 0, 0, 0, 0, 0, 0, 0, 0, 0, 0, 0, 0, 0, 0, 0, 150, 160, 1, 0, 110, 1, 0, 1, 0, 115, 1, 0, 1, 1, 0, 0, 1, -1, 15000, 5, 5, 5, E, N, N, N, N, N, N, N, N, N, N, N, N, N, N, N, N, N, N, N, N, N, N, N, 0, 0, 0, 0, 0, 0, 0, 0, 0, 0, 0, 0, 0, 0, 0, 0, 0, 0, 0, 0, 0, 0, 0, 2757980  2758188  2758470  2758580  2758689  2758799  2823306  2823620  2823754  2823900  2824009  2824125  2824245  2824370  2832506  2832844  2833432  2833537  2833641  2833773  2833886  2833994  2834152  2834260  2834384  2834499  2834623  2834750  2834878  2835013  2835180  2835318  2835459  2835613  2835764  2835903  2836041  2836199  2836363  2836510  2836671  2836841  2837008  2837172, 2752828  2752939  2753045  2753152  2753285  2753412  2796928  2797035  2797153  2797281  2797427  2797571  2797678  2797782  2797885  2798003  2798148  2798301  2798573  2798694  2798851  2799904  2800067  2800172  2800313  2800480  2800648  2800792  2802295  2802457  2803568  2803755  2804005  2804117  2804445  2804566  2804731  2804846  2804955  2805072  2805215  2805335  2807061  2807236  2807349  2807808  2808139  2820874  2821368  2821593, 2750654  2752296  2752513  2780565  2796572  2803386  2804061  2804250  2807835  2820742  2821232  2821827, 2757796  2757841  2759215  2759411  2759531  2759693  2823334  2823561  2824594  2833253, 2757804  2758769  2759247  2759440  2759653  2759718  2823385  2824359  2824873  2837248, 2750717  2752351  2753517  2780591  2802621  2804044  2804084  2807819  2808096  2820765  2821649  2821847, 2748816, 2748816, 2748817, 2825332  2826226  2829486  2830142  2830761, 2825334, 2825337, 2825488, 2826159  2829038  2829685  2830301  2831251, 2826162, , , 0, 0, 0, 0, 0, , 2837306, 2837315, L6:R4, 100.00, <html><body bgcolor="rgb(255;255;115)" width="1000">000(1)1</body></html>, 000(1)1, L, 2833262, 2833267, 2837256, 
Inf, Mode 0, 0, 0, 0, 0, 0, 0, 0, 0, 0, 0, 0, 0, 0, 0, 0, 0, 0, 0, 150, 160, 1, 0, 110, 1, 0, 1, 0, 115, 1, 0, 1, 1, 0, 0, 1, -1, 15000, 5, 5, 5, E, N, N, N, N, N, N, N, N, N, N, N, N, N, N, N, N, N, N, N, N, N, N, N, 0, 0, 0, 0, 0, 0, 0, 0, 0, 0, 0, 0, 0, 0, 0, 0, 0, 0, 0, 0, 0, 0, 0, 2837523  2837682  2839914  2840025  2840208  2840336  2840451  2840581  2840701  2840977  2841108  2861769, 2852339  2852497  2852608  2852744  2852882  2853000  2853165  2855446  2858807  2859294, 2851770  2852065  2852211  2854507  2859219, 2837538  2839746  2843424  2861631, 2837724  2841043  2843456  2861821, 2851806  2852096  2853105  2854666  2859246, 2838309, 2838310, 2838312, 2859937, 2859942, 2859950, 2860101, 2860934, 2860940, , , 0, 0, 0, 0, 0, , 2861874, 2861882, L6:R4, 100.00, <html><body bgcolor="rgb(255;255;115)" width="1000">000(1)1</body></html>, 000(1)1, L, 2861644, 2861651, 2861829, 
Inf, Mode 0, 0, 0, 0, 0, 0, 0, 0, 0, 0, 0, 0, 0, 0, 0, 0, 0, 0, 0, 150, 160, 1, 0, 110, 1, 0, 1, 0, 115, 1, 0, 1, 1, 0, 0, 1, -1, 15000, 5, 5, 5, E, N, N, N, N, N, N, N, N, N, N, N, N, N, N, N, N, N, N, N, N, N, N, N, 0, 0, 0, 0, 0, 0, 0, 0, 0, 0, 0, 0, 0, 0, 0, 0, 0, 0, 0, 0, 0, 0, 0, 2861998  2875363  2875511  2875652  2875780  2875892  2876002  2876106  2876223  2876331  2876443  2876548  2876655  2876774  2876903  2877035  2877174  2877314  2877462  2877766  2877906  2878056  2878199  2878331  2878496  2878660  2878824  2878934  2879243  2880432, , 2884439, 2875143  2880299, 2879234  2880344, 2884583, 2862605, 2862606, 2862607, 2881565, 2881570, 2881575, 2881726, 2882634, 2882639, , , 0, 0, 0, 0, 0, , 2884628, 2884635, L6:R4, 100.00, 000(1)1, <html><body bgcolor="rgb(255;255;115)" width="1000">000(1)1</body></html>, R, 2884450, , 2884589, 2884456
Inf, Mode 0, 0, 0, 0, 0, 0, 0, 0, 0, 0, 0, 0, 0, 0, 0, 0, 0, 0, 0, 150, 160, 1, 0, 110, 1, 0, 1, 0, 115, 1, 0, 1, 1, 0, 0, 1, -1, 15000, 5, 5, 5, E, N, N, N, N, N, N, N, N, N, N, N, N, N, N, N, N, N, N, N, N, N, N, N, 0, 0, 0, 0, 0, 0, 0, 0, 0, 0, 0, 0, 0, 0, 0, 0, 0, 0, 0, 0, 0, 0, 0, 2933013  2933145  2933322  2933468  2933575  2934112  2934222, 2884993  2885106  2885222  2885335  2885453  2885571  2885695  2885817  2886555  2886672  2886824  2886985  2887146  2888097  2888213  2888375  2888542  2888679  2888795  2888960  2889125  2889263  2889448  2889565  2889737  2889904  2890010  2890142  2890252  2890360  2890604  2890733  2890851  2890993  2891154  2891284  2891933  2892073  2892261  2892364  2892628  2892814  2892929  2893033  2893762  2893867  2894009  2894113  2896736  2896859  2896962  2897212  2897363  2897477  2911465  2911587  2911710  2911865  2911978  2918994  2919106  2932541  2937825  2937938  2938045  2938166  2938409  2938513  2938648  2938765  2938870  2938981  2939112  2939242  2939374  2939489  2939597  2939704  2939833  2940350  2940506  2941914  2942053  2942156  2942392  2942540  2942723  2942894  2943003  2943163  2943272  2943392  2943515  2943621  2944488  2945153  2945344  2945460  2945753  2946193  2946315  2946422  2946542  2946646  2946751  2946889  2947039  2947948  2948094  2948274  2949575  2949751  2949881  2949991  2950142  2950471  2950629  2950733  2950845  2950962  2951071  2951181  2951318  2951456  2952579  2952764  2952887  2953358  2953499  2953617  2953792  2953909  2954020  2954148  2954446  2954569  2954728  2955256  2955557  2955661  2955804  2955908  2956036  2956352  2956460  2956566  2956734  2957048  2957221  2957350  2957585, 2884742  2896584  2898515  2898868  2911264  2918690  2930422  2931818  2937644, 2932815, 2934234, 2894077  2897490  2898532  2898894  2911947  2919097  2931016  2932340  2957627, 2894084, 2894090, 2894096, 2935516, 2935527, 2935539, 2935690, 2935701, 2935713, , , 0, 0, 0, 0, 0, , 2957699, 2957710, L5:R5, 100.00, 000(1)1, <html><body bgcolor="rgb(255;255;115)" width="1000">000(1)1</body></html>, R, 2937667, , 2957637, 2937680
Inf, Mode 0, 0, 0, 0, 0, 0, 0, 0, 0, 0, 0, 0, 0, 0, 0, 0, 0, 0, 0, 150, 160, 1, 0, 110, 1, 0, 1, 0, 115, 1, 0, 1, 1, 0, 0, 1, -1, 15000, 5, 5, 5, E, N, N, N, N, N, N, N, N, N, N, N, N, N, N, N, N, N, N, N, N, N, N, N, 0, 0, 0, 0, 0, 0, 0, 0, 0, 0, 0, 0, 0, 0, 0, 0, 0, 0, 0, 0, 0, 0, 0, 2987204  2987377  2987790  2987907  2988024  2988184  2988289  2988402  2988525  2989579  2989739  2989875, 2960951  2961091  2961259  2961367  2961480  2961626  2961787  2961952  2962058  2962305  2962445  2962560  2962668  2962814  2962917  2963093  2963266  2963398  2963816  2963946  2964132  2964239  2964356  2964537  2964646  2965053  2965357  2965787  2965902  2966066  2966396  2966502  2966640  2966750  2966913  2967047  2967211  2967317  2967542  2967781  2967888  2968012  2968123  2968340  2968444  2969168  2969564  2969728  2969830  2970297  2971630  2972264  2972374  2972477  2972636  2973356  2973998  2974428  2974673  2974787  2974956  2975074  2975199  2975320  2975429  2975554  2975901  2976550  2976755  2976883  2977036  2977211  2977374  2978354  2978664  2978904  2979129  2979727  2979898  2980038  2980406  2980831  2980961  2981065  2981175  2981361  2981521  2981662  2981800  2981974  2982116  2982411  2983554, 2960764  2965692  2968211  2968960  2971448  2972075  2972792  2973144  2974198  2976379  2978652  2980581  2993903, 2987021  2988995  2989510, 2988459  2989042  2989890, 2965348  2968199  2968452  2970329  2971561  2972650  2972819  2973159  2975938  2978628  2980236  2983731  2994041, 2958730, 2958731, 2958731, 2992437, 2992441, 2992447, 2992598, 2992783, 2992788, , , 0, 0, 0, 0, 0, , 2994086, 2994093, L5:R5, 100.00, 000(1)1, <html><body bgcolor="rgb(255;255;115)" width="1000">000(1)1</body></html>, R, 2993914, , 2994048, 2993920
Inf, Mode 0, 0, 0, 0, 0, 0, 0, 0, 0, 0, 0, 0, 0, 0, 0, 0, 0, 0, 0, 150, 160, 1, 0, 110, 1, 0, 1, 0, 115, 1, 0, 1, 1, 0, 0, 1, -1, 15000, 5, 5, 5, E, N, N, N, N, N, N, N, N, N, N, N, N, N, N, N, N, N, N, N, N, N, N, N, 0, 0, 0, 0, 0, 0, 0, 0, 0, 0, 0, 0, 0, 0, 0, 0, 0, 0, 0, 0, 0, 0, 0, 3025606  3025751  3025903  3026019  3026183, 2994255  2994370  2994473  2994600  2994738  2994921  2995033  2995147  2995276  2995403  2995528  2995651  2995817  2995921  2996051  2996888  2997911  2998029  2999070  2999219  2999383  2999778  2999899  3000081  3000190  3000317  3000446  3000586  3001419  3001539  3001645  3002053  3002297  3002402  3002541  3002710  3002861  3003014  3003117  3003401  3003727  3004107  3004366  3004495  3004649  3004802  3004966  3005137  3005310  3005438  3005604  3005714  3006086  3006294  3006407  3006559  3006732  3006893  3007078  3007219  3007746  3008208  3009016  3009513  3010067  3010190  3010316  3010427  3010569  3010745  3010924  3011373  3011529  3012283  3012390  3012579  3012701  3012894  3013002  3013270  3013398  3013632  3013893  3014046  3014158  3014260  3014377  3014638  3014797  3014922  3015379  3015492  3015770  3015940  3016047  3016152  3028642  3028768  3028874  3029012  3029124  3029246  3029382  3029508  3029624  3029752  3029884  3030020  3030151  3030285  3030418  3030553  3030696  3030848  3030999  3031158  3031331  3031470  3031868  3032030  3033823  3033973  3034142  3034332  3036084  3036197  3036306  3036943  3037047  3037207  3037331, 2994197  3003606  3007915  3008699  3009404  3012096  3013163  3015153  3028492, 3025416  3026037, 3026029  3026088, 3003361  3007737  3008157  3008983  3011678  3012945  3014200  3016114  3037507, 3003366, 3003371, 3003376, 3027223, 3027225, 3027229, 3027380, 3027415, 3027418, , , 0, 0, 0, 0, 0, , 3037563, 3037573, L4:R6, 100.00, 000(1)1, <html><body bgcolor="rgb(255;255;115)" width="1000">000(1)1</body></html>, R, 3028499, , 3037514, 3028502
Inf, Mode 0, 0, 0, 0, 0, 0, 0, 0, 0, 0, 0, 0, 0, 0, 0, 0, 0, 0, 0, 150, 160, 1, 0, 110, 1, 0, 1, 0, 115, 1, 0, 1, 1, 0, 0, 1, -1, 15000, 5, 5, 5, E, N, N, N, N, N, N, N, N, N, N, N, N, N, N, N, N, N, N, N, N, N, N, N, 0, 0, 0, 0, 0, 0, 0, 0, 0, 0, 0, 0, 0, 0, 0, 0, 0, 0, 0, 0, 0, 0, 0, 3057040  3057225  3057427  3057887  3058054  3058178  3058297  3058420  3058571  3058729  3058909  3059215  3059335  3059450  3059592  3059742  3059854  3059968  3060084  3060294  3071207  3071419  3071626  3071729  3072091  3072264  3072391  3072497  3072844  3072962  3073087  3081720  3081926  3110259  3110530  3110825  3110948  3111055  3127812  3127938  3140510  3140615  3140725  3140835  3140947  3141073  3141182  3141306  3141420  3141585  3141712  3141838  3141968  3142094  3142232  3142368  3142508  3142648  3142791  3142944  3143089  3143241  3143419  3143574  3143712  3143868  3144033  3144188  3144564  3144857  3144996  3145157  3145308  3145414  3145791, 3037706  3038220  3038327  3038446  3038693  3038806  3038927  3039052  3039216  3039373  3039543  3040114  3040309  3040448  3040912  3041206  3041744  3041878  3042031  3042202  3042358  3042537  3042779  3042954  3043125  3044362  3046587  3046700  3046875  3047003  3047154  3047371  3047791  3047914  3048018  3048121  3048237  3048395  3048498  3048622  3048752  3048856  3049013  3049154  3049365  3052620  3052724  3052844  3052990  3053200  3053305  3053452  3053591  3068972  3069085  3069264  3069382  3069498  3069620  3069752  3083171  3083445  3083548  3083657  3083777  3083888  3084343  3084522  3084849  3084963  3085073  3085337  3085906  3086045  3086230  3086460  3086573  3122384  3122824  3123103  3138020  3138219  3138357  3138641, 3037705  3041057  3046387  3052374  3068777  3082846  3085509  3122108  3137922, 3056843  3070934  3079701  3081178  3081428  3109968  3110355  3127644  3140246, 3060320  3073067  3079952  3081202  3081913  3110252  3111028  3127951  3145850, 3040898  3044450  3049397  3053565  3069709  3085309  3086618  3123050  3138655, 3040900, 3040903, 3040905, 3139201, 3139208, 3139216, 3139367, 3139381, 3139389, , , 0, 0, 0, 0, 0, , 3146059, 3146060, L5:R5, 100.00, <html><body bgcolor="rgb(255;255;115)" width="1000">000(1)1</body></html>, 000(1)1, L, 3140262, 3140271, 3145863, 
Inf, Mode 0, 0, 0, 0, 0, 0, 0, 0, 0, 0, 0, 0, 0, 0, 0, 0, 0, 0, 0, 150, 160, 1, 0, 110, 1, 0, 1, 0, 115, 1, 0, 1, 1, 0, 0, 1, -1, 15000, 5, 5, 5, R, N, N, N, N, N, N, N, N, N, N, N, N, N, N, N, N, N, N, N, N, N, N, N, 0, 0, 0, 0, 0, 0, 0, 0, 0, 0, 0, 0, 0, 0, 0, 0, 0, 0, 0, 0, 0, 0, 0, 3146114  3147635  3147776  3147999  3148129  3153850  3153981  3154124  3154240  3156043  3156160  3156323  3156442, 3162766  3162874  3162998  3163170  3163294  3163431  3163555  3163676  3163886  3164007  3164138  3164277  3164412  3164549  3164692  3164833  3164979  3165127  3165287  3165432  3165628  3165744  3165965  3166121  3166279  3166432  3167558  3168658  3168801  3168959  3169360  3169485, 3162403, 3147081  3147485  3153605  3155736, 3147095  3148183  3154191  3156540, 3170552, 3146864, 3146864, 3146865, 3158469, 3158472, 3158477, 3158628, 3160769, 3160773, , , 0, 0, 0, 0, 0, , 3170614, 3170623, L4:R6, 100.00, 000(1)1, <html><body bgcolor="rgb(255;255;115)" width="1000">000(1)1</body></html>, R, 3162412, , 3170561, 3162417
Inf, Mode 0, 0, 0, 0, 0, 0, 0, 0, 0, 0, 0, 0, 0, 0, 0, 0, 0, 0, 0, 150, 160, 1, 0, 110, 1, 0, 1, 0, 115, 1, 0, 1, 1, 0, 0, 1, -1, 15000, 5, 5, 5, L, N, N, N, N, N, N, N, N, N, N, N, N, N, N, N, N, N, N, N, N, N, N, N, 0, 0, 0, 0, 0, 0, 0, 0, 0, 0, 0, 0, 0, 0, 0, 0, 0, 0, 0, 0, 0, 0, 0, 3213234  3213352  3213456  3213562  3213880  3214021  3214210  3214323  3233825  3233941  3234335  3247254  3247379  3247497  3247605  3247718  3247826  3247967  3248089  3248199  3248326  3248484  3248606  3248730  3248856  3248980  3249110  3249240  3249373  3249512  3249646  3249792  3249937  3250083  3250228  3250382  3250533  3250688  3250803  3250912  3251024  3251164  3251324  3251528  3251674  3251834  3252012  3252115  3252221  3252330  3252710  3252825  3253031  3253139  3253269  3253429  3253596  3253747  3253921  3254104  3254254  3254407  3254574  3254754  3254866  3255201  3255306  3255417  3255521  3255624  3255775  3255937  3256085  3256232  3256389  3256543  3256705  3256905  3257085  3257248  3257357  3257472  3257582  3257705  3258190  3258301  3258420  3258553  3258682  3258844  3259015  3259168  3259315  3259470  3259636  3259798  3259968  3260133  3260315  3260419  3260527  3260632  3261211  3261319  3261441  3261548  3261656  3261771  3261888  3262072  3262240  3262507  3263365  3263475  3263583  3263952  3264068  3264174  3264291  3264395  3264514  3264637  3264747  3264854  3265068  3265204  3265321  3265582, 3170757  3171057  3171746  3171900  3172040  3172148  3172303  3172465  3172592  3184701  3184804  3184917  3185418  3187972  3188461  3188589  3217577  3217682  3218210  3218322  3218464  3218613  3218764  3218928  3219040  3220032  3220134  3220242  3220636  3220744  3220933  3221068  3221190  3221301  3221450  3221604  3221769  3221944  3222141  3222289  3222402  3222983  3223093  3223211  3223317  3223447  3223581  3223743  3223854  3223961  3224177  3225699  3226063  3226271  3226861  3241713  3241839  3242570  3242734  3243016  3243154  3243289  3243449  3243589  3244017  3244218  3244387, 3170763  3171560  3173497  3184466  3188167  3217382  3241265  3241430  3241489  3244088, 3213083  3233683  3247083, 3214283  3234318  3266136, 3171002  3172686  3173764  3185470  3188594  3226806  3241322  3241468  3244047  3244563, 3171531, 3171532, 3171533, 3245526, 3245527, 3245528, 3245679, 3246143, 3246144, , , 0, 0, 0, 0, 0, , 3266155, 3266158, L4:R6, 100.00, <html><body bgcolor="rgb(255;255;115)" width="1000">000(1)1</body></html>, 000(1)1, L, 3247086, 3247088, 3266138, 
Inf, Mode 0, 0, 0, 0, 0, 0, 0, 0, 0, 0, 0, 0, 0, 0, 0, 0, 0, 0, 0, 150, 160, 1, 0, 110, 1, 0, 1, 0, 115, 1, 0, 1, 1, 0, 0, 1, -1, 15000, 5, 5, 5, R, N, N, N, N, N, N, N, N, N, N, N, N, N, N, N, N, N, N, N, N, N, N, N, 0, 0, 0, 0, 0, 0, 0, 0, 0, 0, 0, 0, 0, 0, 0, 0, 0, 0, 0, 0, 0, 0, 0, 3266204  3266358  3266566  3266940  3267204  3267308  3267428  3267534  3267641  3267811  3267934  3268628  3268753  3268893  3269017  3269123  3270028  3270858  3271127  3271255  3271359  3271463  3272273  3272381  3272489  3275570  3275713  3275842  3275952  3281543  3281740  3282108  3282239  3282352  3282461  3282912  3283023  3283339  3283822  3284028  3284615  3284718  3284857  3284972  3314323  3314449  3314719  3314830  3314944  3315049  3315159  3315458  3315901  3316029, 3287195  3288102  3288385  3289101  3289222  3289327  3290116  3290252  3290612  3290718  3290828  3291278  3291398  3291514  3291674  3291878  3292379  3292487  3293024  3293161  3293448  3293827  3293975  3294221  3294541  3294766  3294932  3295217  3295560  3302742  3303318  3303470  3303868  3303992  3304281  3311333  3311455  3311751  3311859  3312199, 3287054  3291868  3292913  3295355  3302470  3310537  3310873  3311064, 3266493  3266997  3267138  3268441  3270720  3272635  3275271  3281352  3284188  3314127  3315495  3315720  3319936, 3266897  3267017  3267916  3269971  3272426  3272666  3275901  3284002  3285014  3315468  3315517  3315993, 3291851  3292457  3294689  3295435  3303903  3310545  3310987  3312238, 3266898, 3266899, 3266902, 3316802, 3316807, 3316813, 3316963, 3317562, 3317567, 203, wrong_choice_chose_L, 1, 0, 0, 1, 0, 3319999, 3320008, 3320016, L5:R5, 90.00, <html><body bgcolor="rgb(230;180;180)" width="1000">000(1)1</body></html>, 000(1)1, L, 3319947, , , 
Inf, Mode 0, 0, 0, 0, 0, 0, 0, 0, 0, 0, 0, 0, 0, 0, 0, 0, 0, 0, 0, 150, 160, 1, 0, 110, 1, 0, 1, 0, 115, 1, 0, 1, 1, 0, 0, 1, -1, 15000, 5, 5, 5, L, N, N, N, N, N, N, N, N, N, N, N, N, N, N, N, N, N, N, N, N, N, N, N, 0, 0, 0, 0, 0, 0, 0, 0, 0, 0, 0, 0, 0, 0, 0, 0, 0, 0, 0, 0, 0, 0, 0, 3320195  3320313  3320477  3355692  3355831  3355936  3356107  3356302  3357111  3357237  3357351  3357511  3364447  3364574  3364688  3364829  3364999  3365104  3365277  3365392  3365518  3365639  3365760  3365885  3366012  3366146  3366276  3366410  3366546  3366678  3366886  3367032  3367137  3367270  3367450  3367577  3367729  3367897  3368276  3368401  3369041  3369193  3369330  3369518  3369702  3369863  3370372  3370522  3370629  3370977  3371112  3371234  3371446  3371582  3371715  3371969, 3359519  3360040  3360162  3360267  3360416  3360982  3361491  3361598, 3359279, 3355428  3364243, 3320485  3357490  3372108, 3361820, 3321027, 3321029, 3321030, 3362882, 3362886, 3362890, 3363041, 3363152, 3363156, , , 0, 0, 0, 0, 0, , 3372181, 3372192, L5:R5, 90.00, <html><body bgcolor="rgb(255;255;115)" width="1000">000(1)1</body></html>, 000(1)1, L, 3364252, 3364257, 3372119, 
Inf, Mode 0, 0, 0, 0, 0, 0, 0, 0, 0, 0, 0, 0, 0, 0, 0, 0, 0, 0, 0, 150, 160, 1, 0, 110, 1, 0, 1, 0, 115, 1, 0, 1, 1, 0, 0, 1, -1, 15000, 5, 5, 5, R, N, N, N, N, N, N, N, N, N, N, N, N, N, N, N, N, N, N, N, N, N, N, N, 0, 0, 0, 0, 0, 0, 0, 0, 0, 0, 0, 0, 0, 0, 0, 0, 0, 0, 0, 0, 0, 0, 0, 3372351  3372893  3373017  3373152  3373282  3373399  3373518  3374497  3374668  3374790  3374932  3375039  3375151  3375579  3375823  3376550  3377341  3377445  3377552  3377678  3377782  3377889  3377997  3378110  3378258  3378411  3378565  3378709  3378914  3379022  3379189  3379639  3379743, 3385392  3385495  3385626  3385751  3385865  3385978  3386102  3386223  3386335  3386439  3386566  3386669  3386803  3386938  3387085  3387236  3388379  3388494  3389171  3390031  3390147  3390286  3390781  3390990  3391433  3391591  3392181  3392348  3392476  3392640  3392794  3392949  3393125  3393319  3393813  3393924  3394268  3394383  3394496  3394611  3395595  3395736  3395900, 3385100, 3372637  3374430  3375909  3376003  3376478  3376540  3377156  3377209, 3373440  3375887  3375931  3376012  3376510  3376555  3377172  3379686, 3396039, 3373441, 3373443, 3373444, 3381136  3382294, 3381143, 3381151, 3381301, 3381314  3382773, 3381321, , , 0, 0, 0, 0, 0, , 3396047, 3396049, L4:R6, 90.00, 000(1)1, <html><body bgcolor="rgb(255;255;115)" width="1000">000(1)1</body></html>, R, 3385116, , 3396040, 3385124
Inf, Mode 0, 0, 0, 0, 0, 0, 0, 0, 0, 0, 0, 0, 0, 0, 0, 0, 0, 0, 0, 150, 160, 1, 0, 110, 1, 0, 1, 0, 115, 1, 0, 1, 1, 0, 0, 1, -1, 15000, 5, 5, 5, R, N, N, N, N, N, N, N, N, N, N, N, N, N, N, N, N, N, N, N, N, N, N, N, 0, 0, 0, 0, 0, 0, 0, 0, 0, 0, 0, 0, 0, 0, 0, 0, 0, 0, 0, 0, 0, 0, 0, , 3396072  3396931  3397312  3397428  3397686  3397828  3399821  3399976  3400390  3400497  3400614  3400725  3402258  3402401  3402514, 3396632  3398561  3398614  3398900  3399678, 3405258, , 3397896  3398590  3398837  3399453  3402473, 3397897, 3397899, 3397901, 3403872, 3403876, 3403881, 3404032, 3404042, 3404046, 203, wrong_choice_chose_L, 1, 0, 0, 1, 0, 3405313, 3405322, 3405328, L5:R5, 80.00, <html><body bgcolor="rgb(230;180;180)" width="1000">000(1)1</body></html>, 000(1)1, L, 3405268, , , 
Inf, Mode 0, 0, 0, 0, 0, 0, 0, 0, 0, 0, 0, 0, 0, 0, 0, 0, 0, 0, 0, 150, 160, 1, 0, 110, 1, 0, 1, 0, 115, 1, 0, 1, 1, 0, 0, 1, -1, 15000, 5, 5, 5, R, N, N, N, N, N, N, N, N, N, N, N, N, N, N, N, N, N, N, N, N, N, N, N, 0, 0, 0, 0, 0, 0, 0, 0, 0, 0, 0, 0, 0, 0, 0, 0, 0, 0, 0, 0, 0, 0, 0, 3405460  3405645  3405768  3405881  3406038  3406185  3406351  3406465  3406581  3406705  3406813, 3417781  3417896  3418004  3418145  3418253  3418374  3418772  3418875  3419008  3419117  3419233  3419376  3419602  3419870  3420044, 3417522  3419710  3420326, 3423791, 3406826, 3419624  3419999  3420614, 3406827, 3406830, 3406832, 3422491, 3422496, 3422501, 3422652, 3422695, 3422700, 203, wrong_choice_chose_L, 1, 0, 0, 1, 0, 3423853, 3423862, 3423869, L6:R4, 70.00, <html><body bgcolor="rgb(230;180;180)" width="1000">000(1)1</body></html>, 000(1)1, L, 3423802, , , 
Inf, Mode 0, 0, 0, 0, 0, 0, 0, 0, 0, 0, 0, 0, 0, 0, 0, 0, 0, 0, 0, 150, 160, 1, 0, 110, 1, 0, 1, 0, 115, 1, 0, 1, 1, 0, 0, 1, -1, 15000, 5, 5, 5, R, N, N, N, N, N, N, N, N, N, N, N, N, N, N, N, N, N, N, N, N, N, N, N, 0, 0, 0, 0, 0, 0, 0, 0, 0, 0, 0, 0, 0, 0, 0, 0, 0, 0, 0, 0, 0, 0, 0, 3424113  3424327  3424455  3425303  3426007  3426126  3426230  3426350  3426491  3426712  3450743  3450849  3451072  3451179  3460097  3460207  3460347  3460495  3460870, 3446871  3447411  3447623  3447744  3447892  3448009  3448118  3448263  3448406  3448751  3464742  3464923  3465028  3465151  3465284  3465393  3465506  3465621  3465749  3465852  3465957  3466090  3466220  3466352  3466489  3466699  3466842  3466988  3467140  3467607  3468032  3468170  3469025  3469181  3469365  3469553  3469710  3469858  3470001  3470189  3470312  3470418  3470819  3470931  3471042  3471438  3471671  3472225  3472358  3472587  3472705  3472834, 3446443  3446637  3464524, 3424906  3425675  3450563  3459808  3461215, 3424522  3424927  3426708  3451245  3460845  3461373, 3446587  3448736  3473065, 3424652, 3424653, 3424655, 3461959, 3461965, 3461972, 3462123, 3462129, 3462137, , , 0, 0, 0, 0, 0, , 3473286, 3473288, L6:R4, 70.00, 000(1)1, <html><body bgcolor="rgb(255;255;115)" width="1000">000(1)1</body></html>, R, 3464539, , 3473078, 3464546
Inf, Mode 0, 0, 0, 0, 0, 0, 0, 0, 0, 0, 0, 0, 0, 0, 0, 0, 0, 0, 0, 150, 160, 1, 0, 110, 1, 0, 1, 0, 115, 1, 0, 1, 1, 0, 0, 1, -1, 15000, 5, 5, 5, L, N, N, N, N, N, N, N, N, N, N, N, N, N, N, N, N, N, N, N, N, N, N, N, 0, 0, 0, 0, 0, 0, 0, 0, 0, 0, 0, 0, 0, 0, 0, 0, 0, 0, 0, 0, 0, 0, 0, 3494782  3494889  3495063, 3473296  3473434  3473750  3473911  3474073  3474215  3475614  3475770  3475926  3476091  3476204  3476308  3476414  3476633  3476748  3476872  3477444  3477653  3478438  3478551  3478686  3478789  3479599  3481981  3482845  3483099  3486442  3486552  3486999, 3473302  3477203  3477272  3478247  3479546  3481658  3481765  3486252  3502140, 3494555, 3495214, 3476828  3477252  3477603  3478904  3479783  3481726  3483047  3487074, 3476830, 3476833, 3476835, 3496907  3497142  3498323  3498698, 3496914, 3496923, 3497074, 3497088  3498253  3498479  3498908, 3497095, 202, wrong_choice_chose_R, 1, 0, 0, 1, 0, 3502236, 3502248, 3502260, L6:R4, 60.00, 000(1)1, <html><body bgcolor="rgb(230;180;180)" width="1000">000(1)1</body></html>, R, 3502157, , , 
Inf, Mode 0, 0, 0, 0, 0, 0, 0, 0, 0, 0, 0, 0, 0, 0, 0, 0, 0, 0, 0, 150, 160, 1, 0, 110, 1, 0, 1, 0, 115, 1, 0, 1, 1, 0, 0, 1, -1, 15000, 5, 5, 5, L, N, N, N, N, N, N, N, N, N, N, N, N, N, N, N, N, N, N, N, N, N, N, N, 0, 0, 0, 0, 0, 0, 0, 0, 0, 0, 0, 0, 0, 0, 0, 0, 0, 0, 0, 0, 0, 0, 0, 3530108  3530223  3530333  3530946  3531066  3531170  3531288  3531447  3531579  3531714  3531863  3532012  3568309  3568418  3568689  3569649  3569765  3569889  3570003  3570117  3570547  3583252  3583373  3583885  3583997  3584148  3584583  3584722  3584854  3584994  3585140  3604823  3605369  3605474  3605680  3648494  3649705  3663581  3663764  3663886  3664037  3693089  3693225  3693334  3699880  3700044, 3502446  3502672  3502775  3502936  3503096  3503223  3503394  3503524  3503966  3504105  3521145  3521256  3521965  3522129  3522245  3522365  3522468  3522577  3522750  3522971  3523110  3523294  3523415  3627896  3628084  3628274  3628771  3629317  3629428  3629580  3629683  3630235  3630809  3631280  3631759  3631938  3632049  3632197  3632357  3632471  3632573  3633130  3653230  3653366  3653815  3691275  3691390  3691543, 3504813  3507745  3520460  3520564  3627652  3652850  3688820  3690916  3703264, 3529920  3568040  3569494  3571039  3582786  3604501  3614635  3648242  3649630  3651829  3663401  3692811  3699630, 3531965  3568683  3570601  3571829  3585131  3605640  3614655  3648252  3649644  3651846  3664093  3693288  3700026, 3504046  3504941  3507776  3520555  3523475  3632960  3653787  3688863  3691534, 3504047, 3504049, 3504051, 3701193  3701434, 3701198, 3701204, 3701355, 3701366  3702139, 3701372, 202, wrong_choice_chose_R, 1, 0, 0, 1, 0, 3703335, 3703346, 3703354, L5:R5, 50.00, 000(1)1, <html><body bgcolor="rgb(230;180;180)" width="1000">000(1)1</body></html>, R, 3703277, , , 
Inf, Mode 0, 0, 0, 0, 0, 0, 0, 0, 0, 0, 0, 0, 0, 0, 0, 0, 0, 0, 0, 150, 160, 1, 0, 110, 1, 0, 1, 0, 115, 1, 0, 1, 1, 0, 0, 1, -1, 15000, 5, 5, 5, R, N, N, N, N, N, N, N, N, N, N, N, N, N, N, N, N, N, N, N, N, N, N, N, 0, 0, 0, 0, 0, 0, 0, 0, 0, 0, 0, 0, 0, 0, 0, 0, 0, 0, 0, 0, 0, 0, 0, 3727319  3727453  3727571  3728791  3728917  3729191  3732578  3732692  3733149  3734116  3734254  3734364  3734789  3735154  3781157  3781369  3781484  3781601  3793680  3795033  3795148  3795263  3795374  3795485  3795654  3795789  3795912  3796038  3796170  3796302  3796521  3796647  3796763  3796910  3797025  3797210  3797356  3797469  3797634  3798137  3798296  3798457  3798591  3798731  3798835  3798948  3799267  3799593  3799741  3799916  3800099  3800216  3800914  3801166  3804214  3805702  3805859  3806054  3806195  3808355  3808461  3808656  3808768  3808882  3809064  3809197, 3703762  3703921  3704026  3704135  3704609  3705359  3705469  3709515  3709788  3710295  3710601  3711276  3742286  3742451  3742596  3742723  3744202  3744388  3744494  3744636  3744793  3745165  3745268  3745380  3745497  3745619  3745726  3745872  3746023  3746488  3746591  3747684  3749505  3773624  3773756  3773871  3816013  3816137  3816303  3816406  3816522  3816632  3816751  3816913  3817038  3817162  3817294  3817428  3817556  3817692  3817829  3817970  3819866  3820329  3820483  3820643  3821491  3821654  3821831  3822050  3822170  3822298  3822477  3822602  3822771  3822955  3823128  3823465  3823620, 3705073  3706028  3706071  3709193  3709683  3709740  3710300  3710841  3741931  3744271  3747304  3747395  3747674  3747970  3773227  3773359  3815729, 3726987  3732524  3780971  3794647  3804071  3805407  3805526  3808240, 3729139  3735134  3781699  3801170  3804290  3805483  3806172  3809189, 3704597  3705576  3706061  3706092  3709583  3709719  3710236  3710617  3710912  3742693  3746705  3747371  3747601  3747773  3748984  3773302  3774029  3823761, 3704598, 3704599, 3704600, 3812438  3812846, 3812445, 3812453, 3812604, 3812618  3813750, 3812626, , , 0, 0, 0, 0, 0, , 3823959, 3823960, L5:R5, 50.00, 000(1)1, <html><body bgcolor="rgb(255;255;115)" width="1000">000(1)1</body></html>, R, 3815745, , 3823773, 3815754
Inf, Mode 0, 0, 0, 0, 0, 0, 0, 0, 0, 0, 0, 0, 0, 0, 0, 0, 0, 0, 0, 150, 160, 1, 0, 110, 1, 0, 1, 0, 115, 1, 0, 1, 1, 0, 0, 1, -1, 15000, 5, 5, 5, E, N, N, N, N, N, N, N, N, N, N, N, N, N, N, N, N, N, N, N, N, N, N, N, 0, 0, 0, 0, 0, 0, 0, 0, 0, 0, 0, 0, 0, 0, 0, 0, 0, 0, 0, 0, 0, 0, 0, 3840795  3841761  3841878  3842021  3842147  3842353  3842475  3843163  3843461  3843600  3843738  3843846  3843970  3844074  3844233  3844345  3844471  3844593  3844734  3844886  3845032  3845186  3845361  3845472  3845576  3845738  3845861  3845972  3846511  3846615  3846735  3846840  3846952  3847204  3847362  3847516  3847699  3847857  3848057  3848206  3848380  3848765  3848890  3849523  3849631  3849840  3849962  3850124  3850265  3850385  3850596  3851412  3851525  3851661  3851764  3852030  3852200  3852346  3852579  3852739  3853289  3854176  3856207  3856381  3857006  3857130  3857238  3857371  3857507  3857670  3861906  3862014  3862142  3862619  3862743  3862887  3862994  3863111  3863458  3863635  3863739  3863894  3864031  3864181  3864511  3865084  3865219  3865323  3883024  3883131  3883275  3883394  3883499  3883603  3884433  3884557  3884685  3884828  3884986  4011993  4012144  4012514  4039136  4039313  4039427  4039559  4039670  4039944  4040073  4040189  4040293  4040399  4040527  4040654  4040797  4040945  4041093  4041238  4041394  4041550  4041686  4041999  4042140  4042255  4042406  4042563  4042727  4042909  4043015  4043142  4043329  4043441  4043545  4043650  4043795  4043905  4044057  4044285  4044457  4045087  4045928  4046078  4046288  4046477  4046631  4046796  4046916  4047237  4047355  4047465  4047589  4047694  4047984  4048176, 3824001  3825204  3825307  3825413  3825551  3830251  3830407  3830519  3830659  3831227  3831342  3831479  3831615  3831761  3831901  3832890  3833023  3833153  3837137  3837395  3837502  3877944  3878079  3878231  3878753  3878909  3879117  3879222  3879376  4007869  4007981  4008108  4008384  4008558  4029534  4029637  4030191  4030303  4030433  4030554  4030691  4030846  4030986  4032411  4033105, 3823978  3825067  3829833  3832619  3835964  3836380  3836988  3877656  4007542  4029196, 3840532  3841626  3850845  3851302  3852521  3853393  3854557  3856050  3861617  3882799  4011704  4038868, 3840857  3850567  3851094  3851999  3852839  3853460  3854573  3857743  3865476  3885026  4012566  4048446, 3824004  3825511  3831928  3833105  3836121  3836969  3837462  3879460  4008610  4033166, 3824704, 3824705, 3824706, 4036471, 4036483, 4036495, 4036645, 4037414, 4037426, , , 0, 0, 0, 0, 0, , 4048488, 4048495, L5:R5, 50.00, <html><body bgcolor="rgb(255;255;115)" width="1000">000(1)1</body></html>, 000(1)1, L, 4038892, 4038905, 4048451, 
Inf, Mode 0, 0, 0, 0, 0, 0, 0, 0, 0, 0, 0, 0, 0, 0, 0, 0, 0, 0, 0, 150, 160, 1, 0, 110, 1, 0, 1, 0, 115, 1, 0, 1, 1, 0, 0, 1, -1, 15000, 5, 5, 5, E, N, N, N, N, N, N, N, N, N, N, N, N, N, N, N, N, N, N, N, N, N, N, N, 0, 0, 0, 0, 0, 0, 0, 0, 0, 0, 0, 0, 0, 0, 0, 0, 0, 0, 0, 0, 0, 0, 0, 4050019  4050147  4050250  4050368  4050499  4051302  4051411  4051530  4053027  4053131  4053334  4061373  4061476  4061598  4062380  4062545  4062665  4062781  4062895  4063050  4063198  4063384  4063528  4063633  4064274  4082147  4082266  4082372  4082494  4082623  4082758  4087744  4087885  4087990  4088108  4088240  4088345, 4068093  4068219  4068352  4068455  4068563  4068699  4068816  4068931  4069105  4069208  4072367  4072485  4072595  4072838  4072989  4073116  4073621  4092273  4092471  4092707  4092829  4092938  4093067  4093189  4093313  4093436  4093571  4094087  4095059  4095197  4095347  4095480  4095635  4099269  4099987  4100145  4101213  4101384  4101547  4101718  4101821  4101924  4102090  4102235  4102363  4102471  4102581  4102712  4102825  4103571  4103696  4103818  4104466  4104634  4104828, 4067540  4071327  4071897  4071960  4091854, 4048715  4048813  4049993  4051186  4052936  4061128  4064110  4076425  4081920  4082859  4087428, 4048742  4049034  4050471  4051500  4053262  4063654  4064190  4076674  4082843  4082881  4088406, 4069250  4071347  4071925  4073744  4104922, 4049678, 4049680, 4049681, 4089362, 4089373, 4089385, 4089536, 4090461, 4090473, , , 0, 0, 0, 0, 0, , 4104955, 4104962, L4:R6, 60.00, 000(1)1, <html><body bgcolor="rgb(255;255;115)" width="1000">000(1)1</body></html>, R, 4091879, , 4104926, 4091891
Inf, Mode 0, 0, 0, 0, 0, 0, 0, 0, 0, 0, 0, 0, 0, 0, 0, 0, 0, 0, 0, 150, 160, 1, 0, 110, 1, 0, 1, 0, 115, 1, 0, 1, 1, 0, 0, 1, -1, 15000, 5, 5, 5, E, N, N, N, N, N, N, N, N, N, N, N, N, N, N, N, N, N, N, N, N, N, N, N, 0, 0, 0, 0, 0, 0, 0, 0, 0, 0, 0, 0, 0, 0, 0, 0, 0, 0, 0, 0, 0, 0, 0, 4112536  4112669  4112779  4112902  4113075  4113189  4113314  4113440  4113569  4113700  4113839  4113985  4114131  4114320  4114452  4114609  4114792  4114918  4115079  4115248  4115386  4115501  4115609  4115786  4115891  4116245  4116364  4116528  4116642  4116758  4116896  4117003  4117137  4117251  4117365  4117472  4117597  4117719  4117823  4117985  4118137  4118299  4118464  4118624  4118772  4118923  4119073  4119219  4119426  4119579  4119686  4119792  4119921  4120142  4120264, 4105038, , 4112293, 4120309, , 4105693, 4105694, 4105694, 4111064, 4111065, 4111067, 4111218, 4111225, 4111226, , , 0, 0, 0, 0, 0, , 4120370, 4120380, L4:R6, 60.00, <html><body bgcolor="rgb(255;255;115)" width="1000">000(1)1</body></html>, 000(1)1, L, 4112297, 4112300, 4120317, 
Inf, Mode 0, 0, 0, 0, 0, 0, 0, 0, 0, 0, 0, 0, 0, 0, 0, 0, 0, 0, 0, 150, 160, 1, 0, 110, 1, 0, 1, 0, 115, 1, 0, 1, 1, 0, 0, 1, -1, 15000, 5, 5, 5, E, N, N, N, N, N, N, N, N, N, N, N, N, N, N, N, N, N, N, N, N, N, N, N, 0, 0, 0, 0, 0, 0, 0, 0, 0, 0, 0, 0, 0, 0, 0, 0, 0, 0, 0, 0, 0, 0, 0, 4122109  4122567  4122727  4122864  4123610  4123740  4123846  4123966  4124100  4124215  4124370  4124529  4124710  4124874  4125068  4125411  4125570  4126309  4126456  4126563  4127049  4127155  4127384  4127545  4127713  4127865  4138480  4138932  4139076  4139237  4184048  4184224  4184328  4184432  4184582  4184691  4185140  4185275  4185422  4185546  4185681  4185841  4186225  4186433  4186578  4186690  4186815, 4142259  4142394  4142514  4142885  4143096  4143213  4143352  4143457  4143567  4144790  4148537  4149068  4149185  4149306  4149419  4149567  4149684  4149803  4149947  4151457  4151629  4152299  4152907  4153033  4153489  4154080  4154235  4155242  4155354  4155472  4156771  4156906  4157162  4157266  4157389  4157518  4159307  4159508  4159852  4160662  4161724  4161827  4161976  4162230  4162378  4162516  4162624  4162832  4163100  4163414  4163634  4163739  4163865  4164011  4164819  4165013  4165452  4166275  4166947  4167340  4167467  4171453  4171684  4171828  4171943  4172047  4172180  4179387  4179746  4179859  4180035  4180145  4180260  4180575  4181236  4181421  4191759  4191880  4192087  4192214  4192340  4192474  4192605  4192737  4192866  4193004  4193147  4193370  4193485  4193679  4193835  4195348  4196067  4196248  4198687  4199434  4199574  4200150  4200292  4200397  4200507  4200735  4201213  4201322  4201479  4201665  4202002  4202168  4202369  4202519  4202938  4203877  4204004  4204135  4204274  4204398  4204551  4204722  4205056  4205715  4206025  4206145  4206291  4206562, 4141877  4148322  4154632  4155449  4166429  4170996  4179013  4191244, 4121891  4126708  4131712  4137549  4138384  4138597  4183819  4186071  4187433  4187997, 4126692  4128144  4132578  4137747  4138491  4139295  4185919  4186792  4187784  4188340, 4144831  4154287  4155432  4166404  4167440  4172224  4181501  4206672, 4121140, 4121141, 4121142, 4189608, 4189616, 4189624, 4189775, 4189789, 4189796, , , 0, 0, 0, 0, 0, , 4206684, 4206687, L4:R6, 60.00, 000(1)1, <html><body bgcolor="rgb(255;255;115)" width="1000">000(1)1</body></html>, R, 4191259, , 4206673, 4191268
Inf, Mode 0, 0, 0, 0, 0, 0, 0, 0, 0, 0, 0, 0, 0, 0, 0, 0, 0, 0, 0, 150, 160, 1, 0, 110, 1, 0, 1, 0, 115, 1, 0, 1, 1, 0, 0, 1, -1, 15000, 5, 5, 5, E, N, N, N, N, N, N, N, N, N, N, N, N, N, N, N, N, N, N, N, N, N, N, N, 0, 0, 0, 0, 0, 0, 0, 0, 0, 0, 0, 0, 0, 0, 0, 0, 0, 0, 0, 0, 0, 0, 0, 4215341  4215458  4215625  4215796  4216308  4216710  4216816  4216923  4217070  4217242  4217359  4217957  4218144  4218309  4218494  4218607  4218744  4218851  4218959  4219074  4219183  4219337  4219494  4219648  4219812  4219976  4220150  4220327  4220440  4220554  4220774  4220915  4221100  4221209  4221346  4221542  4221709  4221817  4221924  4222093  4222257  4222455  4222622  4222784  4222934  4223043  4223163  4223309  4223859  4224336  4224473  4224926  4225088  4225201  4225306  4225411  4225537  4225712  4225881  4225987  4226111  4226231  4226502  4226845  4227169  4227342  4227599  4227735  4227894  4228217  4228390  4228503  4228611  4228734  4228899  4229013  4229426  4229567  4229921  4230044  4230183  4230582  4230691  4231321  4231479  4231632  4231742  4231906  4232778  4232960  4233226  4233940  4234046  4234166  4234629  4234744  4234866  4234991  4235131  4235277  4235382  4235502  4235975  4236993  4237478  4239751  4239854  4240300  4240405  4240509  4240617  4240749  4240869  4241014  4241169  4241329  4241443  4242013  4242208  4242357  4242490  4242605  4242711  4242823  4243091  4243311  4243575  4243808  4244134  4245238  4245342  4245450  4245591  4245698  4246069  4246191  4246307  4246431  4246575  4246731  4246892  4263550  4263662  4263814  4264426  4264749  4264852  4264968  4265079  4265195  4265676  4265806  4265940  4266063  4266189  4266342  4266512  4266660  4267180  4267425  4267610  4267725  4267847  4267970  4268135  4268293  4268397  4268578  4269352  4269459  4269568  4269680  4269802  4269947  4270095  4270266  4270938  4271057  4271385  4271742  4271875  4272011  4272281  4272674  4272838  4273185  4273300  4273430  4273559  4273762  4275227  4275358  4275475  4276073  4276188  4276563  4276670  4276777  4276887  4277039  4277195  4277355  4277552  4277655  4277761  4277897  4278003  4278315  4278420  4278532  4278660  4278823  4278963  4279077  4279242  4279421  4279590  4279757  4280069  4280327  4280431  4280548  4280672  4280819  4281142  4281286  4281406  4288569  4288688  4288802  4289052  4289159  4289285  4289452  4289590  4289698  4289807  4289954  4290215  4292588  4292699  4293466  4293582  4293689  4293793  4293903  4294016  4294122  4294740  4294879  4295027  4295165  4295801  4295910  4296340  4296524  4297713  4298167  4298309  4299399  4301022  4301234  4301703  4301814  4304583  4304759  4307358  4307682  4307794  4307900  4308305  4308416  4308858  4308971  4309487  4309637  4309755  4309905  4310034  4310181  4310354  4310512  4310660  4310824  4311002  4311132  4311241  4311372  4311517  4311669  4312376  4312483  4312603  4312726  4312868  4313003  4313123  4313274  4313491  4313651  4313758  4314994  4315156  4315332  4316222  4316344  4316497  4316696  4316985  4317167  4317376  4317624  4317733  4317852  4318039  4318179  4318298  4318798  4318903  4319819  4320044  4320329  4320434  4320556  4320663  4320790  4320896  4321030  4321434  4321637  4322315  4322425  4323287  4323420  4323984  4324659  4324918  4325064  4325188  4325316  4325422  4325939  4326584  4328866  4328993  4329716  4329823  4329965  4330076  4330268  4330372  4330493  4331162  4331845  4332002  4332603  4333201  4333314  4333446  4333549  4333704  4333868  4333971  4334075  4335778  4335934  4336071  4336311  4336415  4336527  4336672  4336827  4336972  4337149  4337343  4337508   433777  4338071  4354877  4355023  4355355  4355464  4355574  4355726  4355869  4356031  4356176  4356711  4356818  4356929  4357044  4357267  4357398  4358247  4358639  4358748  4358867  4359008  4359189  4359690  4359849  4360022  4360256  4360561  4360691  4361110  4361730  4362814  4363057  4363160  4363662  4364181  4364301  4364405  4364533  4364647  4364767  4364922  4365075  4365238  4365395  4365580  4365711  4365815  4366017  4366123  4366535  4366668  4366779  4366900  4367009  4367251  4367866  4367989  4368140  4368262  4368386  4368539  4368697  4368871  4368989  4369182  4369768  4369892  4370130  4370245  4370387  4370504  4370956  4371104  4371220  4371331  4371436  4371544  4371648  4371767  4371927  4372089  4372252  4372364  4372523  4372644  4373304  4373548  4374203  4374310  4374423  4374530  4374637  4375051  4375170  4375283  4375431  4375604  4375707  4375812  4375968  4376140  4376390  4376496  4376666  4376860  4377040  4377210  4377358  4377571  4377901  4378297  4378437  4378655  4378799  4379027  4379558  4380453  4380595  4380721  4380837  4380944  4381112  4381217  4381322  4381630  4382300  4382481  4382605  4382712  4383281  4383505  4383611  4384010  4384115  4384236  4384372  4384513  4384871  4385325  4385761  4386236  4386622  4386989  4394179  4394287  4395909  4398303  4398412  4400001  4400116  4400232  4400336  4400492  4400637  4400791  4400958  4401135  4401300  4401418  4401703  4402034  4402151  4402299  4402688  4438852  4439024  4439131  4439602  4481682  4481819  4481927  4482146  4482606  4482749  4482865  4482992  4492187  4492292  4493125  4493715  4493818  4493934  4494045  4494169  4494311  4494472  4494575  4494755  4494914  4495105  4495286  4495477  4495669  4495831  4496070  4496181  4496309  4496464  4496584  4496720  4497382  4497487  4497594  4497713  4497855  4498008, 4211889  4211993  4212140  4212303  4212407  4251003  4251117  4251238  4251354  4251721  4251852  4251985  4252131  4252255  4252663  4252822  4253264  4253377  4254358  4254473  4254998   425514  4255405  4261309  4261430  4285032  4285153  4285350  4285457  4285606  4285771  4285900  4286065  4339561  4340332  4340455  4340562  4340667  4340781  4341208  4341385  4351662  4351773  4351900  4352599  4352729  4352878  4353038  4390809  4390918  4391435  4391544  4391663  4441512  4441637  4441968  4442085  4476267  4476396  4476507  4476727  4488985  4489741  4489850  4489956  4490468  4490588  4490705  4490839  4509870  4510043  4510169  4510282  4510401  4510530  4510632  4510769  4510914  4511302  4511420  4511588  4511735  4512141  4512281  4512436  4512736  4512849  4513028  4513557  4516585  4516733  4517271  4517454  4517569  4517678  4517841  4518025  4518147  4518292  4519020  4519150  4519261  4519611  4519759, 4211552  4250609  4253711  4261092  4284819  4339305  4351375  4390499  4441234  4441323  4475900  4479442  4488435  4488688  4509405, 4214893  4214959  4224281  4224438  4226800  4226956  4229292  4229803  4230410  4231252  4231797  4233726  4236180  4237778  4239088  4242985  4243058  4244942  4246935  4263310  4267145  4267184  4271473  4271605  4272556  4273059  4273743  4274304  4274791  4275019  4281021  4288167  4292342  4301173  4307703  4308899  4309193  4316695  4319044  4319196  4319234  4319629  4324289  4324472  4326215  4326768  4328700  4335547  4335610  4335718  4354613  4360869  4363418  4377667  4377781  4378805  4379136  4381474  4382162  4384527  4384640  4384820  4384905  4384950  4386293  4386457  4387110  4387876  4393955  4398117  4438504  4481474  4491896  4495330, 4214918  4224207  4224396  4226784  4226939  4229062  4229549  4230228  4230781  4231647  4233138  4236156  4237536  4238030  4242850  4243014  4243591  4246912  4246970  4267077  4267154  4271460  4271507  4272371  4272757  4273684  4273933  4274450  4274892  4280970  4281361  4290068  4301066  4307429  4308874  4309027  4316681  4318940  4319059  4319205  4319262  4324077  4324373  4326025  4326507  4328500  4334125  4335592  4335668  4337901  4360790  4363228  4377658  4377764  4378795  4378868  4381291  4381779  4384476  4384541  4384802  4384858  4384922  4386252  4386410  4386926  4387128  4387901  4395868  4402419  4439692  4482956  4495302  4497983, 4212480  4253363  4255582  4261420  4286166  4341321  4353043  4391681  4441286  4442223  4476766  4479502  4488553  4490802  4519936, 4207418, 4207419, 4207419, 4498708  4501144  4502940  4503174  4503284  4503396, 4498720, 4498734, 4498905, 4499878  4502583  4503046  4503266  4503332  4506983, 4499879, , , 0, 0, 0, 0, 0, , 4519988, 4519996, L3:R7, 70.00, 000(1)1, <html><body bgcolor="rgb(255;255;115)" width="1000">000(1)1</body></html>, R, 4509410, , 4519943, 4509413
Inf, Mode 0, 0, 0, 0, 0, 0, 0, 0, 0, 0, 0, 0, 0, 0, 0, 0, 0, 0, 0, 150, 160, 1, 0, 110, 1, 0, 1, 0, 115, 1, 0, 1, 1, 0, 0, 1, -1, 15000, 5, 5, 5, L, N, N, N, N, N, N, N, N, N, N, N, N, N, N, N, N, N, N, N, N, N, N, N, 0, 0, 0, 0, 0, 0, 0, 0, 0, 0, 0, 0, 0, 0, 0, 0, 0, 0, 0, 0, 0, 0, 0, 4538209  4538356  4538574  4539174  4539630  4539871  4549836  4549975  4550095  4550498, 4520587  4520704  4522346  4522529  4535861  4535980  4536085  4536410, 4520478  4522133  4527332  4527938  4534873  4534936  4553852, 4538012  4549615, 4539682  4550493, 4520817  4522695  4527366  4527948  4534914  4536467, 4521338, 4521339, 4521340, 4551542, 4551547, 4551554, 4551705, 4552297, 4552303, 202, wrong_choice_chose_R, 1, 0, 0, 1, 0, 4553920, 4553929, 4553937, L2:R8, 70.00, 000(1)1, <html><body bgcolor="rgb(230;180;180)" width="1000">000(1)1</body></html>, R, 4553865, , , 
Inf, Mode 0, 0, 0, 0, 0, 0, 0, 0, 0, 0, 0, 0, 0, 0, 0, 0, 0, 0, 0, 150, 160, 1, 0, 110, 1, 0, 1, 0, 115, 1, 0, 1, 1, 0, 0, 1, -1, 15000, 5, 5, 5, R, N, N, N, N, N, N, N, N, N, N, N, N, N, N, N, N, N, N, N, N, N, N, N, 0, 0, 0, 0, 0, 0, 0, 0, 0, 0, 0, 0, 0, 0, 0, 0, 0, 0, 0, 0, 0, 0, 0, , 4554283  4554399  4554565  4554674  4555048  4555152  4556310  4557571, 4555776  4556211, 4559319, , 4555121  4555870  4556254, 4555122, 4555123, 4555125, 4556972  4557214, 4556974, 4556978, 4557128, 4557152  4557911, 4557155, 203, wrong_choice_chose_L, 1, 0, 0, 1, 0, 4559362, 4559369, 4559374, L3:R7, 60.00, <html><body bgcolor="rgb(230;180;180)" width="1000">000(1)1</body></html>, 000(1)1, L, 4559326, , , 
Inf, Mode 0, 0, 0, 0, 0, 0, 0, 0, 0, 0, 0, 0, 0, 0, 0, 0, 0, 0, 0, 150, 160, 1, 0, 110, 1, 0, 1, 0, 115, 1, 0, 1, 1, 0, 0, 1, -1, 15000, 5, 5, 5, R, N, N, N, N, N, N, N, N, N, N, N, N, N, N, N, N, N, N, N, N, N, N, N, 0, 0, 0, 0, 0, 0, 0, 0, 0, 0, 0, 0, 0, 0, 0, 0, 0, 0, 0, 0, 0, 0, 0, 4559560  4559664  4559857  4560406  4560534  4560661  4560795  4560903  4561432  4586195  4617237  4617363  4617485  4617634  4617740  4653404  4653507  4653618  4654096  4654229  4654349  4654456  4654589  4654702  4654849  4654997  4655128  4655258  4655364  4655529  4655708  4655858  4655983  4656107  4656238  4656400  4656585  4656823  4656956  4657062  4657296  4657898  4659067  4823561  4988346  4988461  4988609  4988730  4988862  4988995  4989114  4989238  4989372  4989506  4989643  4989956  4990083  4990203  4990496  4990660  4990809  4990978  4991154  4991320  4991477  4991580  4991688  4991846  4992027  4992200  4992363  4992513  4992680  4992806  4993050  4993161  4993296  4993415  4994078  4994205  4994311  4994427  4994572  4994700  4994843  4995003  4995147  4995309  4995556  4995665  4996265  4996474  4998394  4998619  4998735  4998857  4999006  4999478  4999634  4999789  4999958  5000132  5000302  5000452  5000626  5000815  5000974  5001154  5001325  5001486  5001718  5002231  5002377  5002564  5002670  5002777  5002908  5003031  5003401  5003516, 4567696  4568192  4568307  4630795  4630920  4631949  4632076  4647285  4647698  4962578  4962681  4962785  4962905  4963022  4963178  4963291  4963409  4965137  4966135  4968696  4968872  4969064  4969265  4969423  4969553  4969711  4969876  4970038  4970407  4970563  4970719  4970892  4971687  4972160  4978326  4978545  4978661  4978809  4978964  4979104  4979960  4980291  4980854  4981306  4983997  4984166  4984271  4984401  4984551  4984683  4984837  4984955  5008097  5008230  5008354  5008470  5008599  5008716  5008841  5008964  5009096  5009238  5009387  5009623  5013587  5013748  5014845  5016164  5016321  5016934  5017091  5017247  5017422  5017531  5017647  5017774  5017962  5018494  5018706  5018885  5019030, 4567340  4630155  4646908  4962170  4972929  4973067  4977961  4983656  5007580, 4585847  4616700  4616979  4653114  4988129  4996132  4997747  4998307  5001885   500359, 4561462  4586310  4616782  4617893  4658000  4995749  4996448  4997850  5001848  5003581  5003874, 4568263  4632165  4647712  4972518  4973020  4973103  4981305  4984960  5019068, 4561463, 4561465, 4561467, 5004958, 5004959, 5004960, 5005111, 5006332, 5006333, , , 0, 0, 0, 0, 0, , 5019106, 5019113, L3:R7, 70.00, 000(1)1, <html><body bgcolor="rgb(255;255;115)" width="1000">000(1)1</body></html>, R, 5007583, , 5019073, 5007585
Inf, Mode 0, 0, 0, 0, 0, 0, 0, 0, 0, 0, 0, 0, 0, 0, 0, 0, 0, 0, 0, 150, 160, 1, 0, 110, 1, 0, 1, 0, 115, 1, 0, 1, 1, 0, 0, 1, -1, 15000, 5, 5, 5, R, N, N, N, N, N, N, N, N, N, N, N, N, N, N, N, N, N, N, N, N, N, N, N, 0, 0, 0, 0, 0, 0, 0, 0, 0, 0, 0, 0, 0, 0, 0, 0, 0, 0, 0, 0, 0, 0, 0, , , 5020267, 5024118, , 5020565, 5020158, 5020158, 5020160, 5022535, 5022536, 5022538, 5022689, 5022825, 5022827, 203, wrong_choice_chose_L, 1, 0, 0, 1, 0, 5024144, 5024150, 5024154, L4:R6, 70.00, <html><body bgcolor="rgb(230;180;180)" width="1000">000(1)1</body></html>, 000(1)1, L, 5024122, , , 
Inf, Mode 0, 0, 0, 0, 0, 0, 0, 0, 0, 0, 0, 0, 0, 0, 0, 0, 0, 0, 0, 150, 160, 1, 0, 110, 1, 0, 1, 0, 115, 1, 0, 1, 1, 0, 0, 1, -1, 15000, 5, 5, 5, L, N, N, N, N, N, N, N, N, N, N, N, N, N, N, N, N, N, N, N, N, N, N, N, 0, 0, 0, 0, 0, 0, 0, 0, 0, 0, 0, 0, 0, 0, 0, 0, 0, 0, 0, 0, 0, 0, 0, 5024438  5024724  5025437  5031006  5031115  5031234  5031386  5031659  5032636, , 5037097, 5030763, 5025378  5031724, , 5025378, 5025380, 5025381, 5035988, 5035991, 5035994, 5036145, 5036372, 5036376, 202, wrong_choice_chose_R, 1, 0, 0, 1, 0, 5037134, 5037142, 5037147, L4:R6, 60.00, 000(1)1, <html><body bgcolor="rgb(230;180;180)" width="1000">000(1)1</body></html>, R, 5037104, , , 
Inf, Mode 0, 0, 0, 0, 0, 0, 0, 0, 0, 0, 0, 0, 0, 0, 0, 0, 0, 0, 0, 150, 160, 1, 0, 110, 1, 0, 1, 0, 115, 1, 0, 1, 1, 0, 0, 1, -1, 15000, 5, 5, 5, L, N, N, N, N, N, N, N, N, N, N, N, N, N, N, N, N, N, N, N, N, N, N, N, 0, 0, 0, 0, 0, 0, 0, 0, 0, 0, 0, 0, 0, 0, 0, 0, 0, 0, 0, 0, 0, 0, 0, 5061344  5061501  5061615  5062135  5062274  5062426  5062536  5062671  5062776  5062919, 5037459  5037592  5038143  5038249  5038361  5038489  5038641  5038751  5038877  5039042  5039166  5039987  5040153  5040271  5040400  5040543  5040698  5041829, 5065141, 5060998, 5062923, 5041783, 5041785, 5041788, 5041792, 5063992, 5063996, 5064001, 5064152, 5064263, 5064268, 202, wrong_choice_chose_R, 1, 0, 0, 1, 0, 5065199, 5065208, 5065214, L3:R7, 50.00, 000(1)1, <html><body bgcolor="rgb(230;180;180)" width="1000">000(1)1</body></html>, R, 5065151, , , 
Inf, Mode 0, 0, 0, 0, 0, 0, 0, 0, 0, 0, 0, 0, 0, 0, 0, 0, 0, 0, 0, 150, 160, 1, 0, 110, 1, 0, 1, 0, 115, 1, 0, 1, 1, 0, 0, 1, -1, 15000, 5, 5, 5, L, N, N, N, N, N, N, N, N, N, N, N, N, N, N, N, N, N, N, N, N, N, N, N, 0, 0, 0, 0, 0, 0, 0, 0, 0, 0, 0, 0, 0, 0, 0, 0, 0, 0, 0, 0, 0, 0, 0, 5070398  5070503  5070616  5070724  5070867  5071048  5071169  5071289  5071409  5071539  5071673  5071811  5071948  5072122  5072263  5072423  5072882  5073014  5073686  5073790  5073927  5074071  5074206  5074380  5074536  5074701  5074884  5074997  5075124  5075259  5075391, 5065524  5065628  5065761  5066157  5066278  5066420  5066566  5067303, , 5070183, 5075422, 5067262, 5067264, 5067266, 5067267, 5069177, 5069179, 5069182, 5069332, 5069368, 5069370, , , 0, 0, 0, 0, 0, , 5075471, 5075478, L4:R6, 50.00, <html><body bgcolor="rgb(255;255;115)" width="1000">000(1)1</body></html>, 000(1)1, L, 5070188, 5070192, 5075428, 
Inf, Mode 0, 0, 0, 0, 0, 0, 0, 0, 0, 0, 0, 0, 0, 0, 0, 0, 0, 0, 0, 150, 160, 1, 0, 110, 1, 0, 1, 0, 115, 1, 0, 1, 1, 0, 0, 1, -1, 15000, 5, 5, 5, R, N, N, N, N, N, N, N, N, N, N, N, N, N, N, N, N, N, N, N, N, N, N, N, 0, 0, 0, 0, 0, 0, 0, 0, 0, 0, 0, 0, 0, 0, 0, 0, 0, 0, 0, 0, 0, 0, 0, 5075675  5076505  5076659  5076871  5076981  5077090  5077201  5077401  5077522  5078230  5078363  5078479  5078585  5078695  5078830  5078957  5079121  5079303  5079467  5079666  5079838  5080011  5080174  5080353  5080509  5080613  5080728  5080894  5081042  5081157  5081436  5081749  5081885  5081990  5085027  5085139  5085255, 5087476  5087580  5087685  5087807  5087937  5088072  5088192  5088297  5088406  5088547  5088695  5088846  5092922  5094425  5094583  5095385  5095582  5096204  5096353  5096536  5096643  5096757  5096961  5097075  5099278, 5087082, 5075593  5076358  5076493  5076636  5076765  5076922  5077110  5077366  5077699  5081298  5084727, 5075827  5076414  5076580  5076726  5076905  5077017  5077122  5077434  5081187  5081971  5085326, 5099296, 5076335, 5076336, 5076337, 5086058, 5086066, 5086075, 5086226, 5086405, 5086414, , , 0, 0, 0, 0, 0, , 5099504, 5099506, L3:R7, 50.00, 000(1)1, <html><body bgcolor="rgb(255;255;115)" width="1000">000(1)1</body></html>, R, 5087100, , 5099309, 5087110
Inf, Mode 0, 0, 0, 0, 0, 0, 0, 0, 0, 0, 0, 0, 0, 0, 0, 0, 0, 0, 0, 150, 160, 1, 0, 110, 1, 0, 1, 0, 115, 1, 0, 1, 1, 0, 0, 1, -1, 15000, 5, 5, 5, L, N, N, N, N, N, N, N, N, N, N, N, N, N, N, N, N, N, N, N, N, N, N, N, 0, 0, 0, 0, 0, 0, 0, 0, 0, 0, 0, 0, 0, 0, 0, 0, 0, 0, 0, 0, 0, 0, 0, 5108931  5109061  5109190  5109316  5109667  5110080  5110204  5110379  5110489  5110595  5110714  5111348  5111456  5111567  5111671  5111811  5111959  5112125  5112232  5112411  5114348  5114810  5114915  5115024  5115127  5115252  5115570  5115676  5115783  5115890  5115998  5116133  5116293  5116453  5116613  5116773  5117307  5117463  5117658  5117801  5117977  5118081  5118369  5118477  5118581  5118695  5118813  5118924  5119155  5119273  5119391  5119498  5119640  5119744  5120051  5120206  5120359  5120664  5120777  5121879  5122316  5122422  5122537  5122804  5123020  5123206  5123704  5123825  5123972  5124075  5124180  5124286  5124411  5124570  5124927  5125082  5125262  5125419  5125900  5126079  5127019  5130030  5130144  5130690  5130803  5130913  5131029  5131138  5131282, 5102093  5102219  5105815  5105977  5106221  5106326, 5101843  5105560  5134649, 5108668  5114728  5120505  5125644  5125724  5126151  5126228  5126477  5129680  5131317  5131750, 5114399  5120488  5125626  5125706  5126124  5126188  5126299  5127032  5131305  5131674  5131980, 5103087  5106385, 5100372, 5100374, 5100375, 5133466, 5133469, 5133472, 5133623, 5133683, 5133686, 202, wrong_choice_chose_R, 1, 0, 0, 1, 0, 5134691, 5134699, 5134704, L3:R7, 40.00, 000(1)1, <html><body bgcolor="rgb(230;180;180)" width="1000">000(1)1</body></html>, R, 5134656, , , 
Inf, Mode 0, 0, 0, 0, 0, 0, 0, 0, 0, 0, 0, 0, 0, 0, 0, 0, 0, 0, 0, 150, 160, 1, 0, 110, 1, 0, 1, 0, 115, 1, 0, 1, 1, 0, 0, 1, -1, 15000, 5, 5, 5, L, N, N, N, N, N, N, N, N, N, N, N, N, N, N, N, N, N, N, N, N, N, N, N, 0, 0, 0, 0, 0, 0, 0, 0, 0, 0, 0, 0, 0, 0, 0, 0, 0, 0, 0, 0, 0, 0, 0, 5142877  5143010  5143129  5143885  5144610  5144721  5145019  5146124, 5134982  5135100  5135591  5135710  5135936  5136057  5136344  5136500  5141019  5141130, 5140711  5148532, 5142652  5144585  5145852, 5143913  5144873  5145970, 5136489  5141178, 5136490, 5136492, 5136493, 5146975, 5146979, 5146984, 5147136, 5147467, 5147472, 202, wrong_choice_chose_R, 1, 0, 0, 1, 0, 5148589, 5148598, 5148605, L3:R7, 30.00, 000(1)1, <html><body bgcolor="rgb(230;180;180)" width="1000">000(1)1</body></html>, R, 5148542, , , 
Inf, Mode 0, 0, 0, 0, 0, 0, 0, 0, 0, 0, 0, 0, 0, 0, 0, 0, 0, 0, 0, 150, 160, 1, 0, 110, 1, 0, 1, 0, 115, 1, 0, 1, 1, 0, 0, 1, -1, 15000, 5, 5, 5, R, N, N, N, N, N, N, N, N, N, N, N, N, N, N, N, N, N, N, N, N, N, N, N, 0, 0, 0, 0, 0, 0, 0, 0, 0, 0, 0, 0, 0, 0, 0, 0, 0, 0, 0, 0, 0, 0, 0, , 5149062  5149649, 5150063, 5152781, , 5149952  5150636, 5149953, 5149954, 5149955, 5151528, 5151529, 5151533, 5151684, 5152124, 5152126, 203, wrong_choice_chose_L, 1, 0, 0, 1, 0, 5152811, 5152817, 5152821, L4:R6, 30.00, <html><body bgcolor="rgb(230;180;180)" width="1000">000(1)1</body></html>, 000(1)1, L, 5152786, , , 
Inf, Mode 0, 0, 0, 0, 0, 0, 0, 0, 0, 0, 0, 0, 0, 0, 0, 0, 0, 0, 0, 150, 160, 1, 0, 110, 1, 0, 1, 0, 115, 1, 0, 1, 1, 0, 0, 1, -1, 15000, 5, 5, 5, R, N, N, N, N, N, N, N, N, N, N, N, N, N, N, N, N, N, N, N, N, N, N, N, 0, 0, 0, 0, 0, 0, 0, 0, 0, 0, 0, 0, 0, 0, 0, 0, 0, 0, 0, 0, 0, 0, 0, 5152998  5153185  5153368  5154053  5154173  5154299  5154455  5154632  5154794  5154948  5155133  5182691  5182800  5182912  5183283  5187002  5187358  5187486  5187679  5187848  5187954  5188093  5188231  5188386  5188537  5188729  5188842  5188980  5189086  5189217  5189409  5189517  5189621  5189765, 5171685  5172103  5179997  5180114  5180356  5180468  5180576  5180704, 5171214  5178227  5178620  5179734  5181043  5181707  5193849, 5182408  5185579  5186192  5186837, 5155162  5182899  5186087  5186295  5189817, 5172209  5178312  5178661  5180654  5181506  5181755  5194009, 5155163, 5155166, 5155168, 5190713, 5190721, 5190731, 5190882, 5190908, 5190918, , , 0, 0, 0, 0, 0, , 5194082, 5194093, L3:R7, 40.00, 000(1)1, <html><body bgcolor="rgb(255;255;115)" width="1000">000(1)1</body></html>, R, 5193869, , 5194019, 5193878
Inf, Mode 0, 0, 0, 0, 0, 0, 0, 0, 0, 0, 0, 0, 0, 0, 0, 0, 0, 0, 0, 150, 160, 1, 0, 110, 1, 0, 1, 0, 115, 1, 0, 1, 1, 0, 0, 1, -1, 15000, 5, 5, 5, R, N, N, N, N, N, N, N, N, N, N, N, N, N, N, N, N, N, N, N, N, N, N, N, 0, 0, 0, 0, 0, 0, 0, 0, 0, 0, 0, 0, 0, 0, 0, 0, 0, 0, 0, 0, 0, 0, 0, , 5194749  5194941  5195055  5195240  5195366  5195488  5195608  5195734  5195860  5195993  5196127  5197532  5197726  5198570  5199196  5199334  5199528  5200543  5201417  5201566  5201767  5201955  5202076  5202445  5202598  5202839  5210986  5211114  5211256  5211745  5211904, 5194433  5202886  5210609, 5215779, , 5202816  5203162  5211891, 5202819, 5202823, 5202827, 5213623, 5213628, 5213634, 5213785, 5214487, 5214493, 203, wrong_choice_chose_L, 1, 0, 0, 1, 0, 5215845, 5215855, 5215863, L4:R6, 30.00, <html><body bgcolor="rgb(230;180;180)" width="1000">000(1)1</body></html>, 000(1)1, L, 5215792, , , 
Inf, Mode 0, 0, 0, 0, 0, 0, 0, 0, 0, 0, 0, 0, 0, 0, 0, 0, 0, 0, 0, 150, 160, 1, 0, 110, 1, 0, 1, 0, 115, 1, 0, 1, 1, 0, 0, 1, -1, 15000, 5, 5, 5, L, N, N, N, N, N, N, N, N, N, N, N, N, N, N, N, N, N, N, N, N, N, N, N, 0, 0, 0, 0, 0, 0, 0, 0, 0, 0, 0, 0, 0, 0, 0, 0, 0, 0, 0, 0, 0, 0, 0, 5216107  5216217  5216594  5216712  5216850  5216968  5217085  5217212  5217331  5217466  5217684  5217802  5217923  5218211  5218371  5218505  5218710  5218861  5255062  5256065  5256190  5256529  5256788  5256913  5257135  5257241  5257347  5257483  5257594  5257698  5257810  5257915  5258062  5258171  5258835  5258943  5259079  5259194  5259320  5259437  5259544  5259655  5259789  5259898  5260050  5260205  5260365  5260522  5260684  5260858  5260962  5261130  5261263  5261390  5262139  5262253  5262383  5262536  5262691  5262840  5263015  5263335  5263505  5263675  5264397  5264581  5264927  5265055  5265336  5265448  5265570  5266142  5266258  5266407  5266555  5266711  5267155  5267896  5268366  5268475  5268582  5268689  5268838  5269210  5269323  5269436  5269561  5269696  5269870  5270031  5270220  5270387  5276003  5317097  5317410  5317520  5317624  5317738  5318027  5318218  5318347  5318476  5318608  5318752  5318898  5319046  5319196  5319384  5319505  5319847  5320009  5320153  5320322  5320456  5320815  5320972  5321133  5321297  5321465  5321625  5321800  5321989  5322160  5322334  5322516  5322620  5322725, 5241874  5242008  5242293  5242571  5242687  5242802  5252557  5252683  5252917  5253248  5253373  5277972  5278874  5278991  5279123  5279230  5279687  5280720  5281303  5281837  5282341  5310675  5310791  5311455  5311622, 5241517  5252245  5277564  5281959  5310349, 5216373  5218953  5219002  5224446  5224775  5254679  5266922  5268472  5275551  5316843, 5216191  5218927  5218988  5219185  5224482  5224842  5266746  5268436  5270398  5276043  5322852, 5242861  5253513  5281910  5282262  5311616, 5218930, 5218933, 5218936, 5315417, 5315423, 5315429, 5315580, 5315651, 5315657, , , 0, 0, 0, 0, 0, , 5322931, 5322943, L4:R6, 40.00, <html><body bgcolor="rgb(255;255;115)" width="1000">000(1)1</body></html>, 000(1)1, L, 5316856, 5316864, 5322863, 
