max_trials, mode, repeat_wrong, win_delays, lose_delays, L_win_L_delay, L_lose_L_delay, R_win_L_delay, R_lose_L_delay, R_win_R_delay, R_lose_R_delay, L_win_R_delay, L_lose_R_delay, odor1_id, odor1_delay, odor1_duration, odor2_id, odor2_delay, odor2_duration, tone_delay, tone_duration, tone_period, L_reward_id, L_reward_delay, L_reward_duration, L_reward_num, L_bolus_delay, R_reward_id, R_reward_delay, R_reward_duration, R_reward_num, R_bolus_delay, trial_delay, error_duration, odor_port_error, well_error, choice_error, odor_port_timeout, well_timeout, debounce_up, debounce_down_odor_port, debounce_down_well, rewarded_well, odor_port_timeout_stim, odor_port_on_stim, odor_port_off_stim, odor1_on_stim, odor1_off_stim, odor2_on_stim, odor2_off_stim, tone_on_stim, tone_off_stim, L_well_on_stim, L_well_off_stim, R_well_on_stim, R_well_off_stim, L_reward_on_stim, L_reward_off_stim, R_reward_on_stim, R_reward_off_stim, reward_on_stim, reward_off_stim, well_timeout_stim, odor_port_early_go_stim, well_early_go_stim, wrong_choice_stim, odor_port_timeout_stim_delay, odor_port_on_stim_delay, odor_port_off_stim_delay, odor1_on_stim_delay, odor1_off_stim_delay, odor2_on_stim_delay, odor2_off_stim_delay, tone_on_stim_delay, tone_off_stim_delay, L_well_on_stim_delay, L_well_off_stim_delay, R_well_on_stim_delay, R_well_off_stim_delay, L_reward_on_stim_delay, L_reward_off_stim_delay, R_reward_on_stim_delay, R_reward_off_stim_delay, reward_on_stim_delay, reward_off_stim_delay, well_timeout_stim_delay, odor_port_early_go_stim_delay, well_early_go_stim_delay, wrong_choice_stim_delay, L_lick_ts, R_lick_ts, R_well_all_on_ts, R_well_all_off_ts, L_well_all_on_ts, L_well_all_off_ts, odor_port_all_on_ts, odor_port_all_off_ts, trial_start_ts, R_light_on_ts, L_light_on_ts, odor_port_on_ts, tone_on_ts, tone_off_ts, odor_port_off_ts, error_id, error_string, error_flg, odor_port_timeout_flg, odor_port_early_go_flg, wrong_choice_flg, well_early_go_flg, house_light_on_ts, R_light_off_ts, L_light_off_ts, choices, performance, L_clicks, R_clicks, well_id, well_on_ts, L_reward_ts, well_off_ts, R_reward_ts
Inf, Mode 2, 0, 0, 0, 0, 0, 0, 0, 0, 0, 0, 0, 0, 0, 0, 0, 0, 0, 0, 150, 160, 1, 0, 110, 1, 0, 1, 0, 110, 1, 0, 1, 1, 0, 0, 1, -1, 15000, 5, 5, 5, E, N, N, N, N, N, N, N, N, N, N, N, N, N, N, N, N, N, N, N, N, N, N, N, 0, 0, 0, 0, 0, 0, 0, 0, 0, 0, 0, 0, 0, 0, 0, 0, 0, 0, 0, 0, 0, 0, 0, 1, 1  146450  147527  218397  218929  223988, 145928   146618   217776   218589   223819  3697264  3697480, 146461   147524   218395   219013   223975  3697410  3697492, 147825   148507   219971   220882  3691182  3700774  3701832, 148295   149669   220500   221590  3691333  3701714  3701844, 150430   222336  3703831, 153993   224536  3704984, 3411342, 3411346, 3411351, 3703837, 3703845, 3703995, 3704991, 204, no_go, 1, 1, 0, 0, 0, 3720045, 3720056, 3720065, L0:R0, 0.00, 000(1)1, 000(1)1, , , , , 
Inf, Mode 2, 0, 0, 0, 0, 0, 0, 0, 0, 0, 0, 0, 0, 0, 0, 0, 0, 0, 0, 150, 160, 1, 0, 110, 1, 0, 1, 0, 110, 1, 0, 1, 1, 0, 0, 1, -1, 15000, 5, 5, 5, E, N, N, N, N, N, N, N, N, N, N, N, N, N, N, N, N, N, N, N, N, N, N, N, 0, 0, 0, 0, 0, 0, 0, 0, 0, 0, 0, 0, 0, 0, 0, 0, 0, 0, 0, 0, 0, 0, 0, , , , , , , 3739300, 3739496, 3721433, 3721434, 3721435, 3739301, 3739303, 3739453, 3739497, 204, no_go, 1, 1, 0, 0, 0, 3754512, 3754517, 3754520, L0:R0, 0.00, 000(1)1, 000(1)1, , , , , 
Inf, Mode 2, 0, 0, 0, 0, 0, 0, 0, 0, 0, 0, 0, 0, 0, 0, 0, 0, 0, 0, 150, 160, 1, 0, 110, 1, 0, 1, 0, 110, 1, 0, 1, 1, 0, 0, 1, -1, 15000, 5, 5, 5, E, N, N, N, N, N, N, N, N, N, N, N, N, N, N, N, N, N, N, N, N, N, N, N, 0, 0, 0, 0, 0, 0, 0, 0, 0, 0, 0, 0, 0, 0, 0, 0, 0, 0, 0, 0, 0, 0, 0, , 3775491, , , 3780159, 3780283, 3776817, 3777683, 3754769, 3754769, 3754770, 3776818, 3776820, 3776971, 3777685, , , 0, 0, 0, 0, 0, , 3780301, 3780305, L1:R0, 100.00, <html><body bgcolor="rgb(255;255;115)" width="1000">000(1)1</body></html>, 000(1)1, L, 3780163, 3780165, 3780285, 
Inf, Mode 2, 0, 0, 0, 0, 0, 0, 0, 0, 0, 0, 0, 0, 0, 0, 0, 0, 0, 0, 150, 160, 1, 0, 110, 1, 0, 1, 0, 110, 1, 0, 1, 1, 0, 0, 1, -1, 15000, 5, 5, 5, E, N, N, N, N, N, N, N, N, N, N, N, N, N, N, N, N, N, N, N, N, N, N, N, 0, 0, 0, 0, 0, 0, 0, 0, 0, 0, 0, 0, 0, 0, 0, 0, 0, 0, 0, 0, 0, 0, 0, 3782569, , 3822332, 3822619, 3780599  3790638  3811435  3811889  3811951, 3785010  3791607  3811721  3811919  3813422, 3821068, 3821235, 3785011, 3785012, 3785013, 3821070, 3821074, 3821225, 3821238, , , 0, 0, 0, 0, 0, , 3822649, 3822654, L1:R1, 100.00, 000(1)1, <html><body bgcolor="rgb(255;255;115)" width="1000">000(1)1</body></html>, R, 3822339, , 3822623, 3822343
Inf, Mode 2, 0, 0, 0, 0, 0, 0, 0, 0, 0, 0, 0, 0, 0, 0, 0, 0, 0, 0, 150, 160, 1, 0, 110, 1, 0, 1, 0, 110, 1, 0, 1, 1, 0, 0, 1, -1, 15000, 5, 5, 5, E, N, N, N, N, N, N, N, N, N, N, N, N, N, N, N, N, N, N, N, N, N, N, N, 0, 0, 0, 0, 0, 0, 0, 0, 0, 0, 0, 0, 0, 0, 0, 0, 0, 0, 0, 0, 0, 0, 0, , 3823030  3823135  3823334  3823464  3824024  3824142  3824279, 3822727  3886793, 3824239  3886922, , , 3873464, 3874388, 3824240, 3824242, 3824244, 3873466, 3873469, 3873620, 3874392, , , 0, 0, 0, 0, 0, , 3886948, 3886952, L1:R2, 100.00, 000(1)1, <html><body bgcolor="rgb(255;255;115)" width="1000">000(1)1</body></html>, R, 3886798, , 3886925, 3886802
Inf, Mode 2, 0, 0, 0, 0, 0, 0, 0, 0, 0, 0, 0, 0, 0, 0, 0, 0, 0, 0, 150, 160, 1, 0, 110, 1, 0, 1, 0, 110, 1, 0, 1, 1, 0, 0, 1, -1, 15000, 5, 5, 5, E, N, N, N, N, N, N, N, N, N, N, N, N, N, N, N, N, N, N, N, N, N, N, N, 0, 0, 0, 0, 0, 0, 0, 0, 0, 0, 0, 0, 0, 0, 0, 0, 0, 0, 0, 0, 0, 0, 0, 3922693  3923009  3923143  3923688  3923838  3928837  3929354, 3887036  3887847  3887959  3888075  3888181  3888326  3888496  3888605  3888734  3888833  3888943  3889056  3889159  3889258  3889399  3889509  3889689  3889824  3889957  3890103  3890222  3890509  3890622  3890722  3890831  3890980  3891298  3891487  3891606  3891715  3891846  3891989  3892148  3892291  3892451  3892612  3892771  3892931  3893096  3893255  3893497  3893628  3893749  3893963  3894235  3894343  3894500  3895072  3895176  3895283  3895469  3895599  3895972  3896095  3896301  3896424  3896526  3896651  3896790  3896946  3897065  3897180  3897328  3897480  3897643  3897807  3898155  3898261  3898358  3898470  3898608  3898722  3898853  3898993  3899096  3899280  3899378  3899511  3899624  3899725  3899830  3900229  3900371  3900469  3900574  3900735  3900893  3901076  3901318  3901532  3901636  3901750  3901928  3902043  3902183  3907074  3907315  3907475  3907709  3908459  3908665  3908861  3908960  3909449  3909592  3909814  3909934  3910072  3910284  3910540  3910727  3911114  3911220  3911442  3911541  3911713  3912275  3912381  3912528  3912910  3913711  3913826  3913962  3914250  3914350  3914512  3914661  3914807  3914932  3915109  3915269  3918471  3918573  3918676  3918811  3918946  3919101, 3887473  3899993  3906896  3907007  3909365  3915341  3918259  3918286, 3899815  3902259  3906989  3908920  3915323  3915697  3918270  3919120, 3921676  3923173  3926256  3931055  3945659, 3923063  3926130  3930784  3931089  3945814, 3932931  3943631  3943712, 3933113  3943666  3943889, 3887312, 3887313, 3887314, 3932939, 3932948, 3933099, 3933121, , , 0, 0, 0, 0, 0, , 3945886, 3945897, L2:R2, 100.00, <html><body bgcolor="rgb(255;255;115)" width="1000">000(1)1</body></html>, 000(1)1, L, 3945678, 3945689, 3945824, 
Inf, Mode 0, 0, 0, 0, 0, 0, 0, 0, 0, 0, 0, 0, 0, 0, 0, 0, 0, 0, 0, 150, 160, 1, 0, 110, 1, 0, 1, 0, 110, 1, 0, 1, 1, 0, 0, 1, -1, 15000, 5, 5, 5, E, N, N, N, N, N, N, N, N, N, N, N, N, N, N, N, N, N, N, N, N, N, N, N, 0, 0, 0, 0, 0, 0, 0, 0, 0, 0, 0, 0, 0, 0, 0, 0, 0, 0, 0, 0, 0, 0, 0, 3946607  3946715  3947073  3947319  3947703  3947826  3947964  3948455  3948977  3949116  3956483  3956636  3958317  3958484  3961348, 4020710  4020813  4020913  4021428  4021529  4021646  4021820  4022012  4022110  4022375  4022581  4022740  4022961  4023209  4023316  4023438  4023733  4029022  4029205  4029543  4029719  4029831  4030040  4030164  4031428  4031661  4032008  4032117  4032360  4032572  4032701  4032847  4033041  4033251  4033779  4033899  4034060  4034977  4035163  4035270  4035377  4035653  4035908  4036088  4036688  4036854  4066887  4067006  4067118  4067224  4067407  4067534  4067768  4067889  4068033  4068159  4068291  4068435  4068568  4068705  4068845  4068988  4069328  4069567  4069692  4069828  4069963  4070201  4070349  4070470  4070588  4070694  4070844  4070999  4071161  4071328  4071493  4071659  4071778  4072215  4072318  4072560  4072737  4072895  4073055  4073226  4073390  4073624  4073721  4074471  4074595  4074697  4074883  4074981  4075097  4075433  4075532  4075630  4075740  4075867  4076007  4076111  4076226  4076383  4076524  4076694  4076916  4077089  4077301  4077403  4077510  4077648  4078066  4078242  4078437  4078569  4078679  4078799, 4020464  4025131  4025171  4028732  4030407  4066746, 4023802  4025158  4025185  4030192  4036829  4079044, 3946062  3952592  3960432  3986656  3986856  3992864, 3952572  3959417  3961774  3986668  3988519  3996574, 4063768, 4064506, 3952574, 3952576, 3952578, 4063779, 4063792, 4063942, 4064518, , , 0, 0, 0, 0, 0, , 4079101, 4079111, L2:R3, 100.00, 000(1)1, <html><body bgcolor="rgb(255;255;115)" width="1000">000(1)1</body></html>, R, 4066769, , 4079052, 4066782
Inf, Mode 0, 0, 0, 0, 0, 0, 0, 0, 0, 0, 0, 0, 0, 0, 0, 0, 0, 0, 0, 150, 160, 1, 0, 110, 1, 0, 1, 0, 110, 1, 0, 1, 1, 0, 0, 1, -1, 15000, 5, 5, 5, E, N, N, N, N, N, N, N, N, N, N, N, N, N, N, N, N, N, N, N, N, N, N, N, 0, 0, 0, 0, 0, 0, 0, 0, 0, 0, 0, 0, 0, 0, 0, 0, 0, 0, 0, 0, 0, 0, 0, , 4079734  4079901  4080039  4080137  4080238  4080340  4080588  4080687  4080989  4081113  4081336  4081630  4082102  4082264  4082470  4082587  4083007  4083128  4084158  4084320  4084421  4084538  4084648  4084801  4085132  4085229  4085451  4085563  4085664  4085768  4085902  4086012  4086339  4086443  4086579  4121617  4156912  4157022  4183671  4183967  4184105  4184295  4184444  4184700  4185118  4185628  4185761  4185890  4186008  4186138, 4079562  4156156  4156393  4156500  4183433, 4086682  4156309  4156455  4157392  4186194, 4107493  4108214  4111212  4113849  4161460  4177964  4178055  4180715, 4107662  4110839  4113436  4113896  4163147  4178033  4180477  4181120, 4181270, 4181715, 4086686, 4086691, 4086696, 4181279, 4181288, 4181439, 4181725, , , 0, 0, 0, 0, 0, , 4186277, 4186291, L2:R4, 100.00, 000(1)1, <html><body bgcolor="rgb(255;255;115)" width="1000">000(1)1</body></html>, R, 4183452, , 4186206, 4183462
Inf, Mode 0, 0, 0, 0, 0, 0, 0, 0, 0, 0, 0, 0, 0, 0, 0, 0, 0, 0, 0, 150, 160, 1, 0, 110, 1, 0, 1, 0, 110, 1, 0, 1, 1, 0, 0, 1, -1, 15000, 5, 5, 5, E, N, N, N, N, N, N, N, N, N, N, N, N, N, N, N, N, N, N, N, N, N, N, N, 0, 0, 0, 0, 0, 0, 0, 0, 0, 0, 0, 0, 0, 0, 0, 0, 0, 0, 0, 0, 0, 0, 0, , 4186471  4186756  4186862  4187152  4187255  4187497  4187685  4187832  4187975  4188073  4188175  4188274  4188413  4188592  4188737  4188887  4189293  4189418  4189515  4189887  4190033  4190148  4190279  4190499  4191021  4191128  4191415  4191528  4191703  4191848  4191988  4192128  4192301  4192499  4192670  4192880  4193062  4193189  4193320  4193555  4193676  4194508  4194781  4195651  4195769  4195977  4196085  4196195  4196340  4196446  4196566  4196671  4197143  4201619  4201747  4201848  4202128  4204824, 4186477  4188964  4189532  4190303  4190611  4193353  4193391  4195353  4201231  4201316  4203515  4212950, 4188934  4189521  4190262  4190494  4193314  4193374  4194832  4197200  4201300  4202292  4203543  4213114, , , 4204508  4207739, 4206081  4207931, 4188936, 4188939, 4188942, 4204518, 4204530, 4204681, 4206092, , , 0, 0, 0, 0, 0, , 4213336, 4213337, L2:R5, 100.00, 000(1)1, <html><body bgcolor="rgb(255;255;115)" width="1000">000(1)1</body></html>, R, 4212973, , 4213127, 4212985
Inf, Mode 0, 0, 0, 0, 0, 0, 0, 0, 0, 0, 0, 0, 0, 0, 0, 0, 0, 0, 0, 150, 160, 1, 0, 110, 1, 0, 1, 0, 110, 1, 0, 1, 1, 0, 0, 1, -1, 15000, 5, 5, 5, E, N, N, N, N, N, N, N, N, N, N, N, N, N, N, N, N, N, N, N, N, N, N, N, 0, 0, 0, 0, 0, 0, 0, 0, 0, 0, 0, 0, 0, 0, 0, 0, 0, 0, 0, 0, 0, 0, 0, 4267738   426787, 4213354  4213466  4213584  4213687  4213801  4213911  4214014  4214150  4214278  4214413  4214557  4214696  4214830  4214968  4215116  4215255  4215370  4215627  4215737  4215889  4216039  4216193  4216353  4216454  4216560  4216728  4216843  4216940  4217041  4217385  4217505  4218206  4219058  4219186  4219324  4219816  4219950  4220792  4220911  4221018  4221116  4221615  4221714  4221827  4221979  4222131  4222286  4222522  4222631  4222784  4222981  4223092  4223714  4223813  4223927  4224037  4224146  4224297  4224452  4224612  4224772  4224930  4225091  4225259  4225644  4225762  4225896  4225998  4226712  4226811  4226964  4227066  4227244  4227564  4227675  4227772  4227876  4227982  4229416  4229597  4229723  4229831  4230238  4230341  4230481  4230670  4230822  4231177  4231281  4231655  4232290  4232387  4232491  4232601  4232713  4232813  4232947  4233438  4233667  4233936  4234093  4234657  4234759  4234864  4234962  4235061  4235163  4235621  4235751  4235919  4236097  4236250  4236422  4236526  4237224  4239031  4239897  4240096  4240227  4240472  4240934  4241038  4241221  4241323  4241457  4241631  4241822  4241936  4242698  4243117  4243218  4243342  4243446  4243606  4243707  4244089  4244208  4244311  4247256  4248244  4248351  4248519  4248995  4249676  4249829  4250004  4251423  4251993  4252146  4252446  4252544  4252720  4252957  4253071  4253177  4253429  4253563  4253704  4254132  4254238  4254456  4254588  4254692  4255094  4255193  4255605  4255899  4256001  4256149  4256290  4256391  4256496  4256603  4256793  4257001  4273752  4273920  4274027, 4213352  4229289  4229347  4229482  4237318  4239459  4239809  4247190  4247317  4247910  4249182  4249274  4249328  4251984  4260174  4273403  4273506, 4228037  4229325  4229406  4236477  4237335  4239488  4244323  4247262  4247677  4248950  4249244  4249287  4249896  4257018  4261058  4273429  4274089, 4262792  4265037  4269778  4269891  4276919, 4264379  4268259  4269851  4270329  4277062, 4275232, 4275798, 4228046, 4228056, 4228066, 4275234, 4275237, 4275388, 4275801, , , 0, 0, 0, 0, 0, , 4277090, 4277094, L3:R5, 100.00, <html><body bgcolor="rgb(255;255;115)" width="1000">000(1)1</body></html>, 000(1)1, L, 4276925, 4276929, 4277065, 
Inf, Mode 0, 0, 0, 0, 0, 0, 0, 0, 0, 0, 0, 0, 0, 0, 0, 0, 0, 0, 0, 150, 160, 1, 0, 110, 1, 0, 1, 0, 110, 1, 0, 1, 1, 0, 0, 1, -1, 15000, 5, 5, 5, E, N, N, N, N, N, N, N, N, N, N, N, N, N, N, N, N, N, N, N, N, N, N, N, 0, 0, 0, 0, 0, 0, 0, 0, 0, 0, 0, 0, 0, 0, 0, 0, 0, 0, 0, 0, 0, 0, 0, 4280648  4280782  4280907  4281033  4281165  4281293  4281424  4284550  4284699  4284864  4287777  4291039  4303236  4320163, 4337347  4337451  4337555  4337652  4337772  4337959  4338062  4338281  4338502  4338622  4338861  4342966  4343114  4343213  4343328  4343890  4344037  4344177  4344323  4344426  4344576  4344736  4350204  4350341  4350518  4350621  4350727  4350898  4351072  4351201  4351343  4351492  4351631  4351770  4351913  4352060  4352204  4352374  4352509  4352649  4352790  4352910  4353035  4353145  4353247  4353446  4353548  4353868  4354007  4354140  4354333  4354479  4354633  4354895  4354992  4355156  4355284  4355523  4355623  4355737  4355880  4355981  4356107  4356270  4356439  4356875  4356973  4357095  4357956  4358118  4358233  4358352  4358486  4358605  4358706  4358881  4359045  4359219  4359391  4359634  4359776  4359925  4360477  4360816  4360979  4361095  4361214  4361341  4361985  4362085  4362219  4362398  4362572  4362735  4365425  4365529  4365631  4365938  4366043  4366146  4366282  4366413  4367838  4367964  4368278  4368635  4368773  4368935  4369120  4370676  4370782  4372322  4372449  4372623, 4337177  4338094  4341903  4342671  4349836, 4338034  4338987  4341922  4344724  4372612, 4277457  4277707  4279343  4279744  4279844  4279992  4292216  4292523  4292791  4296016  4302325  4303851  4319417  4322981  4323457  4323662  4328309  4330989  4331137  4331250, 4277496  4277958  4279390  4279786  4279868  4292160  4292483  4292773  4295782  4302291  4303702  4304203  4322580  4323112  4323500  4325287  4328376  4331003  4331166  4333271, 4346606  4347310, 4346802  4348014, 4277959, 4277960, 4277962, 4346618, 4346632, 4346783, 4346971, , , 0, 0, 0, 0, 0, , 4372709, 4372721, L3:R6, 100.00, 000(1)1, <html><body bgcolor="rgb(255;255;115)" width="1000">000(1)1</body></html>, R, 4349838, , 4372635, 4349840
Inf, Mode 0, 0, 0, 0, 0, 0, 0, 0, 0, 0, 0, 0, 0, 0, 0, 0, 0, 0, 0, 150, 160, 1, 0, 110, 1, 0, 1, 0, 110, 1, 0, 1, 1, 0, 0, 1, -1, 15000, 5, 5, 5, E, N, N, N, N, N, N, N, N, N, N, N, N, N, N, N, N, N, N, N, N, N, N, N, 0, 0, 0, 0, 0, 0, 0, 0, 0, 0, 0, 0, 0, 0, 0, 0, 0, 0, 0, 0, 0, 0, 0, , 4372960  4373094  4373558  4374086  4375873  4375997  4376266  4376369  4376466  4376570  4376698  4376853  4377001  4377153  4377305  4377949  4378068  4378967  4379066  4379202  4379321  4379682  4380320  4380487  4380599  4380701  4380814  4381595  4381704  4381889  4382000  4384433  4384585  4384716  4385199  4385395  4385719  4385819  4385922  4386325  4386463  4409036  4409141  4409315  4409435  4409594  4409721  4410253  4410988  4411098  4411468  4411580  4411729  4411838  4412012  4412128  4412323  4412863  4413041  4413143  4413241  4413359  4413498  4413601  4413720  4413932  4421369  4421588  4421735  4421833  4422021  4422227  4422359  4422493  4422632  4422766  4422905  4423053  4423189  4423286  4423397  4423550  4423819  4424114  4424271  4426133  4426775  4426909  4427062  4427204  4427364  4427471  4427620  4427728  4427881  4428030  4428163  4428518  4428657  4429222  4429380  4429559  4429659  4429759  4429870  4430228  4430396  4430562  4430742  4430931  4431187  4431294  4432283  4432420  4432547  4432664  4433135  4433235  4433351  4433482  4434465  4434659  4434788, 4372900  4375616  4379404  4379598  4380131  4384308  4408873  4410065  4410876  4412138  4421069, 4374150  4379357  4379457  4379678  4381982  4386401  4409896  4410351  4412084  4413961  4435003, 4403131, 4405354, 4417203, 4417527, 4374151, 4374152, 4374154, 4417214, 4417227, 4417377, 4417540, , , 0, 0, 0, 0, 0, , 4435053, 4435061, L3:R7, 100.00, 000(1)1, <html><body bgcolor="rgb(255;255;115)" width="1000">000(1)1</body></html>, R, 4421094, , 4435009, 4421107
Inf, Mode 0, 0, 0, 0, 0, 0, 0, 0, 0, 0, 0, 0, 0, 0, 0, 0, 0, 0, 0, 150, 160, 1, 0, 110, 1, 0, 1, 0, 110, 1, 0, 1, 1, 0, 0, 1, -1, 15000, 5, 5, 5, E, N, N, N, N, N, N, N, N, N, N, N, N, N, N, N, N, N, N, N, N, N, N, N, 0, 0, 0, 0, 0, 0, 0, 0, 0, 0, 0, 0, 0, 0, 0, 0, 0, 0, 0, 0, 0, 0, 0, , 4435171  4435859  4436032  4436521  4436790  4436912  4437043  4437164  4449680  4449831  4449999  4450164  4450308  4450481  4456073  4456261  4456375  4456489  4456588  4456796  4456922  4457069  4457250  4457349  4457455  4457765  4457867  4457981  4458927  4459039  4459436  4460481  4461116  4461253  4461351  4461490  4461599  4461756  4461906  4462065  4462234  4462422  4462519  4462636  4462784  4463881  4464031  4464320  4464420  4464525  4464670  4464819  4464965  4465131  4465328  4465515  4465618  4465718  4466639  4466745  4466843  4467048  4467203  4467538  4469426  4469544  4469694  4469901  4470013  4470119  4472251  4472427  4472537  4472794  4472908  4473016  4473235  4473336  4473438  4473536  4473661  4473873  4473972  4474264  4474547  4474658  4475012  4475194  4475526  4476412  4477209  4477368  4477495  4478036  4478140  4478660  4478767  4478909  4479397  4479581  4480152  4480318  4480506  4480999  4481645  4482098  4491170  4491355  4491457  4491553  4491653  4491768  4492018  4492150  4492280  4492420  4492566  4492708  4492859  4493079  4493204  4493320  4493503  4494836  4494935  4495072  4495176  4495283  4495510  4495660  4495759  4495910  4496068  4496236  4496401  4496568  4496931  4497055  4497231  4497343  4497661  4497765  4497887  4498049  4498210  4498911  4499065  4499164  4501048  4501171  4501273  4501388  4501511  4501660  4501812  4501974  4502136  4502320  4502437, 4435586  4437219  4449377  4455923  4455989  4467454  4469157  4471974  4472101  4477808  4481398  4490865, 4437187  4437272  4450497  4455957  4467382  4467528  4470059  4471992  4477752  4480995  4482061  4502691, 4444875  4485206  4487261, 4446032  4486365  4488189, 4489253, 4489482, 4437188, 4437190, 4437192, 4489257, 4489264, 4489414, 4489487, , , 0, 0, 0, 0, 0, , 4502775, 4502789, L2:R8, 100.00, 000(1)1, <html><body bgcolor="rgb(255;255;115)" width="1000">000(1)1</body></html>, R, 4490875, , 4502703, 4490882
Inf, Mode 0, 0, 0, 0, 0, 0, 0, 0, 0, 0, 0, 0, 0, 0, 0, 0, 0, 0, 0, 150, 160, 1, 0, 110, 1, 0, 1, 0, 110, 1, 0, 1, 1, 0, 0, 1, -1, 15000, 5, 5, 5, E, N, N, N, N, N, N, N, N, N, N, N, N, N, N, N, N, N, N, N, N, N, N, N, 0, 0, 0, 0, 0, 0, 0, 0, 0, 0, 0, 0, 0, 0, 0, 0, 0, 0, 0, 0, 0, 0, 0, , 4503021  4503124  4503555  4503835  4503949  4505218  4505477  4505583  4505840  4505948  4506063  4506437  4506605  4506790  4506939  4507224, 4502976  4504793  4505084  4507524, 4504087  4504818  4507504  4507895, 4510598, 4510733, 4508958, 4509132, 4504088, 4504090, 4504091, 4508962, 4508967, 4509117, 4509136, , , 0, 0, 0, 0, 0, , 4510772, 4510779, L3:R7, 100.00, <html><body bgcolor="rgb(255;255;115)" width="1000">000(1)1</body></html>, 000(1)1, L, 4510607, 4510613, 4510738, 
Inf, Mode 0, 0, 0, 0, 0, 0, 0, 0, 0, 0, 0, 0, 0, 0, 0, 0, 0, 0, 0, 150, 160, 1, 0, 110, 1, 0, 1, 0, 110, 1, 0, 1, 1, 0, 0, 1, -1, 15000, 5, 5, 5, E, N, N, N, N, N, N, N, N, N, N, N, N, N, N, N, N, N, N, N, N, N, N, N, 0, 0, 0, 0, 0, 0, 0, 0, 0, 0, 0, 0, 0, 0, 0, 0, 0, 0, 0, 0, 0, 0, 0, 4511696  4511811  4511940  4512070  4512206  4512353  4512496  4521126, 4537495  4537634  4537740  4537845  4538021  4538169  4538299  4538399  4538541  4538806  4538907  4539069  4540320  4540421  4540526  4540665  4540769  4543304  4543401  4562216  4562354  4562460  4562593  4563765  4563876  4564004  4564131  4566496  4566606  4566722  4566824  4566987  4567115  4567266  4567391  4567517  4567660  4567797  4567932  4568069  4568211  4568366  4568535  4568682  4568835  4568985  4569125  4569247  4569348  4569448  4569651  4571374  4571503  4571632  4571782  4571886  4571988  4572235  4572368  4572519  4572687  4572931  4573060  4573189  4574859  4575046  4575587  4575705  4575803  4575915  4576082, 4537269  4543198  4561954  4563542  4566315, 4540711  4543772  4562601  4564147  4576114, 4510871  4519931  4519998  4526480  4526644  4529519  4547883  4551686  4552268  4556811, 4519820  4519989  4526177  4526558  4528586  4533024  4550121  4551876  4552437  4558485, 4565043, 4565228, 4519821, 4519823, 4519825, 4565052, 4565062, 4565213, 4565237, , , 0, 0, 0, 0, 0, , 4576136, 4576140, L3:R7, 100.00, 000(1)1, <html><body bgcolor="rgb(255;255;115)" width="1000">000(1)1</body></html>, R, 4566335, , 4576117, 4566345
Inf, Mode 0, 0, 0, 0, 0, 0, 0, 0, 0, 0, 0, 0, 0, 0, 0, 0, 0, 0, 0, 150, 160, 1, 0, 110, 1, 0, 1, 0, 110, 1, 0, 1, 1, 0, 0, 1, -1, 15000, 5, 5, 5, E, N, N, N, N, N, N, N, N, N, N, N, N, N, N, N, N, N, N, N, N, N, N, N, 0, 0, 0, 0, 0, 0, 0, 0, 0, 0, 0, 0, 0, 0, 0, 0, 0, 0, 0, 0, 0, 0, 0, 4592133  4592250  4592375  4592501  4592633  4592768  4592909, , , , 4585290  4591347, 4586583  4598327, 4589301, 4589964, 4576780, 4576780, 4576781, 4589302, 4589304, 4589455, 4589966, , , 0, 0, 0, 0, 0, , 4598352, 4598358, L3:R7, 100.00, <html><body bgcolor="rgb(255;255;115)" width="1000">000(1)1</body></html>, 000(1)1, L, 4591351, 4591354, 4598330, 
Inf, Mode 0, 0, 0, 0, 0, 0, 0, 0, 0, 0, 0, 0, 0, 0, 0, 0, 0, 0, 0, 150, 160, 1, 0, 110, 1, 0, 1, 0, 110, 1, 0, 1, 1, 0, 0, 1, -1, 15000, 5, 5, 5, E, N, N, N, N, N, N, N, N, N, N, N, N, N, N, N, N, N, N, N, N, N, N, N, 0, 0, 0, 0, 0, 0, 0, 0, 0, 0, 0, 0, 0, 0, 0, 0, 0, 0, 0, 0, 0, 0, 0, , 4602232  4602344  4602546  4602921  4603035  4603175  4603312  4605113  4605211  4605358  4605488  4605585  4607446  4607579  4607680  4607788  4619548  4619656  4619779  4619881  4619978  4620082  4620194  4620324  4620457  4620595  4620734  4620878  4621022  4621168  4621346  4621662  4621772  4621953  4622118  4622272  4622420  4622577  4622727  4622874  4623015  4623147  4623271  4623411  4623557  4623708  4623851  4623949  4624101  4624254  4624416  4624576  4624748  4625305  4625478  4625667  4625847  4626026  4626173  4626270  4626369  4626494  4626668  4627181  4627330  4627436  4627557  4627687, 4601917  4604962  4619444, 4603341  4607993  4627723, 4598421  4610626  4610714  4611221  4611664  4612438  4614104  4615399  4615428  4615479  4616068, 4600015  4610700  4611166  4611239  4611768  4612544  4614650  4615417  4615467  4615491  4617344, 4618159, 4618338, 4600015, 4600017, 4600018, 4618165, 4618173, 4618324, 4618345, , , 0, 0, 0, 0, 0, , 4627734, 4627736, L3:R7, 100.00, 000(1)1, <html><body bgcolor="rgb(255;255;115)" width="1000">000(1)1</body></html>, R, 4619459, , 4627724, 4619467
Inf, Mode 0, 0, 0, 0, 0, 0, 0, 0, 0, 0, 0, 0, 0, 0, 0, 0, 0, 0, 0, 150, 160, 1, 0, 110, 1, 0, 1, 0, 110, 1, 0, 1, 1, 0, 0, 1, -1, 15000, 5, 5, 5, E, N, N, N, N, N, N, N, N, N, N, N, N, N, N, N, N, N, N, N, N, N, N, N, 0, 0, 0, 0, 0, 0, 0, 0, 0, 0, 0, 0, 0, 0, 0, 0, 0, 0, 0, 0, 0, 0, 0, , 4629166  4629304  4629422  4629764  4629920  4630019  4630847  4631508  4631615, 4627770  4628875, 4627840  4631657, 4634673, 4635478, 4632378, 4632633, 4628363, 4628364, 4628365, 4632380, 4632384, 4632535, 4632636, , , 0, 0, 0, 0, 0, , 4635507, 4635512, L4:R6, 100.00, <html><body bgcolor="rgb(255;255;115)" width="1000">000(1)1</body></html>, 000(1)1, L, 4634680, 4634683, 4635482, 
Inf, Mode 0, 0, 0, 0, 0, 0, 0, 0, 0, 0, 0, 0, 0, 0, 0, 0, 0, 0, 0, 150, 160, 1, 0, 110, 1, 0, 1, 0, 110, 1, 0, 1, 1, 0, 0, 1, -1, 15000, 5, 5, 5, E, N, N, N, N, N, N, N, N, N, N, N, N, N, N, N, N, N, N, N, N, N, N, N, 0, 0, 0, 0, 0, 0, 0, 0, 0, 0, 0, 0, 0, 0, 0, 0, 0, 0, 0, 0, 0, 0, 0, 4640009  4640158  4640641  4641939, 4652538  4652691  4652924  4653071  4655723  4655821  4656119  4662305  4662431  4662599  4662696  4662818  4662950  4663089  4663213  4663472  4672687  4672807  4673019  4674136  4674243  4674375  4675315  4676099  4676352  4676481  4676671  4676777  4677004  4682609  4682765  4682867  4682996  4683110  4683227  4683345  4683473  4683610  4683743  4683888  4684035  4684180  4684327  4684514  4684667  4685137  4685438  4685587  4685896  4686374  4686526  4686662  4686863  4687025  4687188  4687336  4687465  4687808  4687986  4688152  4688262  4688368  4688664  4688764  4688864  4688986  4689098  4689287  4689462  4689679  4689845  4689985  4690093  4690202  4690355  4690454  4691382  4691506  4691635  4691735  4691832  4691949  4692069  4692236  4692406  4692575  4692686  4693632  4693763, 4652099  4655360  4656367  4662019  4672457  4673928  4682285, 4653150  4656244  4656700  4663520  4673152  4677082  4693839, 4636073  4638441  4638552  4638722  4639165  4645604  4648756  4658793  4658995  4660102  4668883, 4638406  4638514  4638672  4638753  4644764  4648380  4648776  4658944  4660042  4660146  4669879, 4679487, 4680231, 4635843, 4635844, 4635845, 4679496, 4679507, 4679658, 4680242, , , 0, 0, 0, 0, 0, , 4693879, 4693885, L4:R6, 100.00, 000(1)1, <html><body bgcolor="rgb(255;255;115)" width="1000">000(1)1</body></html>, R, 4682306, , 4693844, 4682317
Inf, Mode 0, 0, 0, 0, 0, 0, 0, 0, 0, 0, 0, 0, 0, 0, 0, 0, 0, 0, 0, 150, 160, 1, 0, 110, 1, 0, 1, 0, 110, 1, 0, 1, 1, 0, 0, 1, -1, 15000, 5, 5, 5, E, N, N, N, N, N, N, N, N, N, N, N, N, N, N, N, N, N, N, N, N, N, N, N, 0, 0, 0, 0, 0, 0, 0, 0, 0, 0, 0, 0, 0, 0, 0, 0, 0, 0, 0, 0, 0, 0, 0, , 4693974  4694109  4694402  4694509  4694614  4694852  4694949  4695066  4695180  4695285  4695461  4695562  4695704  4695873  4696037  4696202  4696407  4697932  4698038  4698191  4698293  4704262  4704401  4704549  4704821  4705473  4706049  4711990  4712211  4712340  4712440  4712537  4768254  4768376  4768683  4804614  4804722  4804819  4804935  4805105  4805228  4805357  4805488  4805620  4805754  4805888  4806027  4806171  4806349  4806450  4806922  4807029  4807178  4807358  4807659  4807824  4808470  4808968  4809103  4809925  4810092  4811307  4811488  4811654  4811802  4812029  4812175  4812323  4812482  4812590  4813725  4813828  4813932  4814060  4814163  4814320  4814483  4814639, 4694024  4694324  4697556  4697716  4703982  4704498  4705758  4705838  4711700  4712866  4713496  4767834  4804284, 4694070  4696423  4697591  4698317  4704439  4705593  4705813  4705975  4712692  4712881  4713523  4768673  4814765, 4700069  4707523  4714265  4800818, 4701778  4708081  4714874  4801978, 4802849, 4803038, 4696426, 4696429, 4696432, 4802859, 4802870, 4803021, 4803048, , , 0, 0, 0, 0, 0, , 4814790, 4814795, L3:R7, 100.00, 000(1)1, <html><body bgcolor="rgb(255;255;115)" width="1000">000(1)1</body></html>, R, 4804305, , 4814768, 4804316
Inf, Mode 0, 0, 0, 0, 0, 0, 0, 0, 0, 0, 0, 0, 0, 0, 0, 0, 0, 0, 0, 150, 160, 1, 0, 110, 1, 0, 1, 0, 110, 1, 0, 1, 1, 0, 0, 1, -1, 15000, 5, 5, 5, E, N, N, N, N, N, N, N, N, N, N, N, N, N, N, N, N, N, N, N, N, N, N, N, 0, 0, 0, 0, 0, 0, 0, 0, 0, 0, 0, 0, 0, 0, 0, 0, 0, 0, 0, 0, 0, 0, 0, , 4814854  4818117  4818326  4818449  4818556  4818853  4818989  4819094  4819191  4819910  4820314  4820418  4820532  4820654  4820761  4820858  4821993  4822173  4822288  4822643  4822833  4825695  4828494  4828597  4828706  4828849  4828978  4829110  4829236  4829382  4829522  4829668  4829818  4829976  4830089  4831492  4832379  4832548  4834365  4834536  4834714  4834873  4835018  4835380  4835516  4835613  4835851  4835962  4836112  4836252, 4817551  4817760  4817849  4818584  4820134  4821754  4825478  4828099, 4817585  4817792  4818499  4819168  4820950  4822774  4825877  4836324, , , 4826710, 4827017, 4815427, 4815428, 4815429, 4826715, 4826722, 4826872, 4827023, , , 0, 0, 0, 0, 0, , 4836397, 4836407, L3:R7, 100.00, 000(1)1, <html><body bgcolor="rgb(255;255;115)" width="1000">000(1)1</body></html>, R, 4828111, , 4836334, 4828119
Inf, Mode 0, 0, 0, 0, 0, 0, 0, 0, 0, 0, 0, 0, 0, 0, 0, 0, 0, 0, 0, 150, 160, 1, 0, 110, 1, 0, 1, 0, 110, 1, 0, 1, 1, 0, 0, 1, -1, 15000, 5, 5, 5, E, N, N, N, N, N, N, N, N, N, N, N, N, N, N, N, N, N, N, N, N, N, N, N, 0, 0, 0, 0, 0, 0, 0, 0, 0, 0, 0, 0, 0, 0, 0, 0, 0, 0, 0, 0, 0, 0, 0, , 4846405  4846502  4846635  4846740  4847030, 4846036  4851901, 4847144  4852034, 4839442  4839504  4839554  4841240, 4839454  4839537  4840220  4841895, 4848459  4849062, 4848912  4850227, 4836869, 4836870, 4836871, 4848462, 4848466, 4848617, 4848916, , , 0, 0, 0, 0, 0, , 4852070, 4852075, L3:R7, 100.00, 000(1)1, <html><body bgcolor="rgb(255;255;115)" width="1000">000(1)1</body></html>, R, 4851909, , 4852038, 4851914
Inf, Mode 0, 0, 0, 0, 0, 0, 0, 0, 0, 0, 0, 0, 0, 0, 0, 0, 0, 0, 0, 150, 160, 1, 0, 110, 1, 0, 1, 0, 110, 1, 0, 1, 1, 0, 0, 1, -1, 15000, 5, 5, 5, E, N, N, N, N, N, N, N, N, N, N, N, N, N, N, N, N, N, N, N, N, N, N, N, 0, 0, 0, 0, 0, 0, 0, 0, 0, 0, 0, 0, 0, 0, 0, 0, 0, 0, 0, 0, 0, 0, 0, , 4852527  4852629  4852780  4852925  4853073  4853204  4853348  4853493  4853641  4853794  4853950  4854111  4855141  4855626  4856462  4856912  4858346  4858494  4858685  4858860  4859042  4859412  4859606  4859725  4859844  4860027  4860171  4860297  4860435  4860597  4860801  4860965  4861126  4861326  4861502  4861634  4861732  4861979  4862082  4863364  4863667  4863789  4863891  4863996  4864947  4865122  4865282  4870037  4870206  4870317  4870424  4870533  4871946  4872168  4872390  4873223  4873408  4873584  4873700  4873801  4873984  4874083  4874366  4874467  4874676  4874865  4878477  4878619  4879280  4879400  4879624, 4852160  4862924  4863516  4864748  4869731  4870524  4871790  4872585  4872681  4873053  4875793  4878024  4878771  4879119  4882521, 4862166  4863313  4863947  4865295  4870502  4870564  4872491  4872602  4872855  4874854  4875860  4878575  4879020  4879577  4882644, 4867115, 4867891, 4881340, 4881585, 4862171, 4862176, 4862181, 4881341, 4881343, 4881494, 4881586, , , 0, 0, 0, 0, 0, , 4882662, 4882666, L3:R7, 100.00, 000(1)1, <html><body bgcolor="rgb(255;255;115)" width="1000">000(1)1</body></html>, R, 4882524, , 4882647, 4882526
Inf, Mode 0, 0, 0, 0, 0, 0, 0, 0, 0, 0, 0, 0, 0, 0, 0, 0, 0, 0, 0, 150, 160, 1, 0, 110, 1, 0, 1, 0, 110, 1, 0, 1, 1, 0, 0, 1, -1, 15000, 5, 5, 5, E, N, N, N, N, N, N, N, N, N, N, N, N, N, N, N, N, N, N, N, N, N, N, N, 0, 0, 0, 0, 0, 0, 0, 0, 0, 0, 0, 0, 0, 0, 0, 0, 0, 0, 0, 0, 0, 0, 0, , 4882989  4883144  4883306  4883501  4883632  4883773  4883912  4884048  4884194  4884339  4884496  4884651  4884882  4885850  4886324  4888368  4889448  4889617  4889767  4890178  4890737  4890919  4891085  4891194  4891374  4891475  4891793  4893668  4893778  4899032  4899174  4899291  4899395  4899548  4899651  4899826  4899932  4900191  4900336  4900483  4900797  4902558  4902661  4914923  4915138  4920584  4920687  4920830  4920957  4921083  4921209  4921345  4921470  4921617  4921759  4921907  4922050  4922196  4922381  4922490  4922689  4922829  4923237  4923340  4923443  4923700  4923865  4924015  4924126  4924226  4924774  4924939  4925107  4925258, 4882713  4893282  4893367  4898860  4902483  4914623  4920302, 4891938  4893295  4893870  4900804  4902821  4915189  4925334, 4895785  4896961  4911056  4911126  4911230  4911376  4917101, 4896878  4897277  4911080  4911186  4911269  4911949  4917996, 4918827, 4919014, 4891941, 4891945, 4891950, 4918837, 4918847, 4918998, 4919024, , , 0, 0, 0, 0, 0, , 4925349, 4925352, L2:R8, 100.00, 000(1)1, <html><body bgcolor="rgb(255;255;115)" width="1000">000(1)1</body></html>, R, 4920324, , 4925336, 4920335
Inf, Mode 0, 0, 0, 0, 0, 0, 0, 0, 0, 0, 0, 0, 0, 0, 0, 0, 0, 0, 0, 150, 160, 1, 0, 110, 1, 0, 1, 0, 110, 1, 0, 1, 1, 0, 0, 1, -1, 15000, 5, 5, 5, E, N, N, N, N, N, N, N, N, N, N, N, N, N, N, N, N, N, N, N, N, N, N, N, 0, 0, 0, 0, 0, 0, 0, 0, 0, 0, 0, 0, 0, 0, 0, 0, 0, 0, 0, 0, 0, 0, 0, , 4928243  4928638  4929018  4929123  4933258  4933370  4933519  4933628  4933748  4933876  4934009  4934145  4934277  4934454  4934637  4934751  4934865  4935012  4935515  4935840  4938402  4938575  4938720  4938876  4938977  4939154  4939344  4939513  4939677  4939825  4939982, 4928038  4929136  4929261  4932829, 4929087  4929168  4929316  4940109, , , 4929933  4931411, 4930237  4931575, 4926014, 4926015, 4926015, 4929935, 4929938, 4930089, 4930240, , , 0, 0, 0, 0, 0, , 4940161, 4940169, L2:R8, 100.00, 000(1)1, <html><body bgcolor="rgb(255;255;115)" width="1000">000(1)1</body></html>, R, 4932836, , 4940116, 4932839
Inf, Mode 0, 0, 0, 0, 0, 0, 0, 0, 0, 0, 0, 0, 0, 0, 0, 0, 0, 0, 0, 150, 160, 1, 0, 110, 1, 0, 1, 0, 110, 1, 0, 1, 1, 0, 0, 1, -1, 15000, 5, 5, 5, E, N, N, N, N, N, N, N, N, N, N, N, N, N, N, N, N, N, N, N, N, N, N, N, 0, 0, 0, 0, 0, 0, 0, 0, 0, 0, 0, 0, 0, 0, 0, 0, 0, 0, 0, 0, 0, 0, 0, 4989223  4989405  4989556, 4957077  4976321  4976423  4976540  4979224  4979328  4979459  4979602  4979716  4982550  4982815  4982936  4983080  4993626  4993736  4994910  4995019  4995156  4995260  4995417  4995521  4999200  4999298  4999403  4999601  4999719  4999853  4999976  5000111  5000247  5000386  5000534  5000678  5001682  5001839  5002158  5002817  5003683  5004353  5004490  5004654  5004827  5004984  5005139  5005287  5005492  5005840  5006016  5006189  5006387  5006569  5006673, 4956176  4956351  4976078  4978794  4982258  4982467  4993355  4994673  4998776, 4956276  4957186  4976668  4979813  4982408  4983309  4993910  4995751  5006783, 4985657, 4991496, 4997269  4997590, 4997472  4997849, 4940587, 4940587, 4940588, 4997275, 4997282, 4997433, 4997479, , , 0, 0, 0, 0, 0, , 5006866, 5006879, L1:R9, 100.00, 000(1)1, <html><body bgcolor="rgb(255;255;115)" width="1000">000(1)1</body></html>, R, 4998792, , 5006794, 4998799
Inf, Mode 0, 0, 0, 0, 0, 0, 0, 0, 0, 0, 0, 0, 0, 0, 0, 0, 0, 0, 0, 150, 160, 1, 0, 110, 1, 0, 1, 0, 110, 1, 0, 1, 1, 0, 0, 1, -1, 15000, 5, 5, 5, E, N, N, N, N, N, N, N, N, N, N, N, N, N, N, N, N, N, N, N, N, N, N, N, 0, 0, 0, 0, 0, 0, 0, 0, 0, 0, 0, 0, 0, 0, 0, 0, 0, 0, 0, 0, 0, 0, 0, , 5008079  5008232  5008439  5008575  5008686  5008805  5008904  5009058  5009495  5010172  5010283  5010404  5010700  5010884  5011035  5011182  5011286  5013268  5013415  5013531  5013660  5013794  5013933  5014070  5014215  5014358  5014508  5014658  5015020  5015840  5016179  5016343  5017048  5017219  5018329  5018515  5018612  5018807  5018966  5019063  5019337, 5007064  5007904  5009212  5009268  5009993  5012860, 5007257  5009095  5009241  5009572  5011354  5019596, , , 5011992, 5012171, 5007626, 5007627, 5007629, 5011996, 5012001, 5012152, 5012176, , , 0, 0, 0, 0, 0, , 5019657, 5019667, L1:R9, 100.00, 000(1)1, <html><body bgcolor="rgb(255;255;115)" width="1000">000(1)1</body></html>, R, 5012871, , 5019604, 5012877
Inf, Mode 0, 0, 0, 0, 0, 0, 0, 0, 0, 0, 0, 0, 0, 0, 0, 0, 0, 0, 0, 150, 160, 1, 0, 110, 1, 0, 1, 0, 110, 1, 0, 1, 1, 0, 0, 1, -1, 15000, 5, 5, 5, E, N, N, N, N, N, N, N, N, N, N, N, N, N, N, N, N, N, N, N, N, N, N, N, 0, 0, 0, 0, 0, 0, 0, 0, 0, 0, 0, 0, 0, 0, 0, 0, 0, 0, 0, 0, 0, 0, 0, , 5020500  5020691  5020884  5022936  5023195  5023309  5023419  5023538  5023687  5023791  5027640  5027826  5027935  5033874  5034014  5034149  5034262  5037351  5037473  5042577  5042712  5042833  5042930  5043140  5043257  5043389  5043532  5043667  5043813  5043959  5044127  5044284  5044651  5048190  5048350  5049067  5049231  5049405  5049570  5049671  5049962  5050132  5050318  5050454, 5020264  5022818  5022953  5024044  5024555  5025363  5027388  5027472  5033584  5037179  5042340, 5020963  5022872  5023973  5024332  5024598  5025622  5027408  5028040  5034479  5037552  5050639, 5030550, 5031636, 5038193  5040281  5041110, 5040215  5040622  5041221, 5020964, 5020965, 5020967, 5038199, 5038208, 5038357, 5040222, , , 0, 0, 0, 0, 0, , 5050720, 5050732, L0:R10, 100.00, 000(1)1, <html><body bgcolor="rgb(255;255;115)" width="1000">000(1)1</body></html>, R, 5042356, , 5050650, 5042365
Inf, Mode 0, 0, 0, 0, 0, 0, 0, 0, 0, 0, 0, 0, 0, 0, 0, 0, 0, 0, 0, 150, 160, 1, 0, 110, 1, 0, 1, 0, 110, 1, 0, 1, 1, 0, 0, 1, -1, 15000, 5, 5, 5, E, N, N, N, N, N, N, N, N, N, N, N, N, N, N, N, N, N, N, N, N, N, N, N, 0, 0, 0, 0, 0, 0, 0, 0, 0, 0, 0, 0, 0, 0, 0, 0, 0, 0, 0, 0, 0, 0, 0, 5122484  5122604  5122733  5122877  5123323, 5051356  5051456  5051579  5051814  5056338  5056586  5056706  5057367  5057515  5057620  5085140  5085361  5086727  5092560  5092707  5093004  5093446  5093637, 5051155  5055916  5084983  5086533  5089933  5089994  5090242  5092347, 5051943  5057703  5085338  5087192  5089972  5090174  5090636  5093693, 5053309  5080665  5082028  5082380  5115955  5121478, 5054150  5081519  5082336  5082688  5116018  5129946, 5118716, 5119292, 5051944, 5051945, 5051948, 5118724, 5118731, 5118882, 5119299, , , 0, 0, 0, 0, 0, , 5130010, 5130020, L1:R9, 100.00, <html><body bgcolor="rgb(255;255;115)" width="1000">000(1)1</body></html>, 000(1)1, L, 5121494, 5121502, 5129954, 
Inf, Mode 0, 0, 0, 0, 0, 0, 0, 0, 0, 0, 0, 0, 0, 0, 0, 0, 0, 0, 0, 150, 160, 1, 0, 110, 1, 0, 1, 0, 110, 1, 0, 1, 1, 0, 0, 1, -1, 15000, 5, 5, 5, E, N, N, N, N, N, N, N, N, N, N, N, N, N, N, N, N, N, N, N, N, N, N, N, 0, 0, 0, 0, 0, 0, 0, 0, 0, 0, 0, 0, 0, 0, 0, 0, 0, 0, 0, 0, 0, 0, 0, , 5132795  5133776  5133920  5147707  5148363  5148597  5150246  5154465  5154613  5154719  5154884  5155019  5155145  5155279  5155425  5155572  5155721  5155864  5156006  5156515  5158824  5158989  5159124  5159502  5159638  5159859  5160031  5160597  5160787  5160968  5161145  5161322  5161513  5161684  5161858  5161989  5162118, 5132500  5133625  5142615  5147290  5147807  5148239  5150025  5150761  5154043, 5132836  5134103  5142942  5147628  5148104  5148480  5150426  5150782  5162108, 5145076, 5146110, 5151824, 5152524, 5130465, 5130466, 5130467, 5151828, 5151835, 5151985, 5152529, , , 0, 0, 0, 0, 0, , 5162184, 5162194, L1:R9, 100.00, 000(1)1, <html><body bgcolor="rgb(255;255;115)" width="1000">000(1)1</body></html>, R, 5154054, , 5162127, 5154060
Inf, Mode 0, 0, 0, 0, 0, 0, 0, 0, 0, 0, 0, 0, 0, 0, 0, 0, 0, 0, 0, 150, 160, 1, 0, 110, 1, 0, 1, 0, 110, 1, 0, 1, 1, 0, 0, 1, -1, 15000, 5, 5, 5, E, N, N, N, N, N, N, N, N, N, N, N, N, N, N, N, N, N, N, N, N, N, N, N, 0, 0, 0, 0, 0, 0, 0, 0, 0, 0, 0, 0, 0, 0, 0, 0, 0, 0, 0, 0, 0, 0, 0, , 5163400  5163517  5164328  5167130  5167259  5167423  5167741  5167839  5169070  5169170  5169273  5172271  5172403  5172547  5172676  5172815  5172957  5173101  5173245  5173391  5173541  5173736  5173852  5174616  5174738  5174899  5175059  5177098  5177270  5177454  5178023  5178136  5178246  5178405  5178546  5178687  5178823  5179224  5179416  5179550  5179726  5179827  5180045, 5163180  5163986  5166902  5171625, 5163601  5164436  5169244  5180135, , , 5170524, 5170753, 5162667, 5162668, 5162668, 5170527, 5170531, 5170682, 5170756, , , 0, 0, 0, 0, 0, , 5180193, 5180203, L1:R9, 100.00, 000(1)1, <html><body bgcolor="rgb(255;255;115)" width="1000">000(1)1</body></html>, R, 5171633, , 5180143, 5171638
Inf, Mode 0, 0, 0, 0, 0, 0, 0, 0, 0, 0, 0, 0, 0, 0, 0, 0, 0, 0, 0, 150, 160, 1, 0, 110, 1, 0, 1, 0, 110, 1, 0, 1, 1, 0, 0, 1, -1, 15000, 5, 5, 5, E, N, N, N, N, N, N, N, N, N, N, N, N, N, N, N, N, N, N, N, N, N, N, N, 0, 0, 0, 0, 0, 0, 0, 0, 0, 0, 0, 0, 0, 0, 0, 0, 0, 0, 0, 0, 0, 0, 0, , 5181317  5181468  5181571  5181673  5183571  5183746  5183863  5184011  5184119  5184310  5185849  5186043  5188013  5188110  5188357  5190209  5190334  5190454  5199148  5199296  5200613  5200770  5200984  5201090  5201191  5201302  5201469  5201572  5201772  5205130  5205307  5205411  5205632  5205764  5205897  5206035  5206173  5206351  5207213  5208409  5209205  5209354  5209475  5210008  5210186  5210570  5210750  5211517  5211695  5211891  5212512  5212624  5212732  5212834  5213010  5213192  5213369  5213558  5213765  5214473, 5181060  5183304  5185641  5187775  5189901  5198480  5204723, 5181774  5184485  5186147  5188468  5190508  5201833  5215373, 5192438  5195156  5195394  5196164  5196356, 5193198  5195262  5196133  5196203  5196432, 5203141, 5203647, 5180918, 5180919, 5180919, 5203148, 5203158, 5203307, 5203655, , , 0, 0, 0, 0, 0, , 5215606, 5215607, L1:R9, 100.00, 000(1)1, <html><body bgcolor="rgb(255;255;115)" width="1000">000(1)1</body></html>, R, 5204740, , 5215385, 5204749
Inf, Mode 0, 0, 0, 0, 0, 0, 0, 0, 0, 0, 0, 0, 0, 0, 0, 0, 0, 0, 0, 150, 160, 1, 0, 110, 1, 0, 1, 0, 110, 1, 0, 1, 1, 0, 0, 1, -1, 15000, 5, 5, 5, E, N, N, N, N, N, N, N, N, N, N, N, N, N, N, N, N, N, N, N, N, N, N, N, 0, 0, 0, 0, 0, 0, 0, 0, 0, 0, 0, 0, 0, 0, 0, 0, 0, 0, 0, 0, 0, 0, 0, , 5215614  5219275  5219451  5219549  5221641  5221879  5222004  5224450  5224604  5224760  5225095  5225221  5226613  5226712  5226830  5226944  5227058  5232982  5233084  5233197  5233315  5233709  5233844  5236213  5236471  5236594  5236727  5236933  5237069  5237207  5237347  5237496  5237650  5238934  5240891  5241054  5241788  5241973  5243321  5243513  5244103  5244244  5244483  5244593  5244875, 5218759  5221419  5224164  5227364  5227386  5232556  5233514  5235954, 5221325  5222147  5227177  5227376  5227416  5233306  5233956  5245153, 5230461, 5231056, 5235025, 5235201, 5216242, 5216242, 5216243, 5235032, 5235038, 5235189, 5235207, , , 0, 0, 0, 0, 0, , 5245223, 5245235, L1:R9, 100.00, 000(1)1, <html><body bgcolor="rgb(255;255;115)" width="1000">000(1)1</body></html>, R, 5235968, , 5245162, 5235975
Inf, Mode 0, 0, 0, 0, 0, 0, 0, 0, 0, 0, 0, 0, 0, 0, 0, 0, 0, 0, 0, 150, 160, 1, 0, 110, 1, 0, 1, 0, 110, 1, 0, 1, 1, 0, 0, 1, -1, 15000, 5, 5, 5, E, N, N, N, N, N, N, N, N, N, N, N, N, N, N, N, N, N, N, N, N, N, N, N, 0, 0, 0, 0, 0, 0, 0, 0, 0, 0, 0, 0, 0, 0, 0, 0, 0, 0, 0, 0, 0, 0, 0, , 5248183  5248552  5249397  5249504  5254762  5254866  5254970  5255176  5255312  5255452  5255595  5255735  5255879  5256033  5257135  5257664  5260793  5260936  5261075  5261202  5261339  5261559  5262748  5262919  5263248  5263358  5263464  5263669  5263772  5263897  5264002  5265718  5265839, 5247815  5248278  5249429  5250507  5254434, 5248158  5249336  5249595  5250910  5266105, , , 5252403  5252747, 5252569  5253110, 5246115, 5246116, 5246117, 5252405, 5252409, 5252560, 5252572, , , 0, 0, 0, 0, 0, , 5266160, 5266168, L1:R9, 100.00, 000(1)1, <html><body bgcolor="rgb(255;255;115)" width="1000">000(1)1</body></html>, R, 5254441, , 5266112, 5254446
Inf, Mode 0, 0, 0, 0, 0, 0, 0, 0, 0, 0, 0, 0, 0, 0, 0, 0, 0, 0, 0, 150, 160, 1, 0, 110, 1, 0, 1, 0, 110, 1, 0, 1, 1, 0, 0, 1, -1, 15000, 5, 5, 5, E, N, N, N, N, N, N, N, N, N, N, N, N, N, N, N, N, N, N, N, N, N, N, N, 0, 0, 0, 0, 0, 0, 0, 0, 0, 0, 0, 0, 0, 0, 0, 0, 0, 0, 0, 0, 0, 0, 0, , 5267831  5267951  5268065  5268176  5269254  5269455  5269573  5273515  5273629  5274513  5276858  5276955  5277078  5277178  5277279  5277382  5277492  5277632  5277774  5277918  5279800  5281478  5281640  5282376  5282777  5282967  5283145  5283331  5283525  5283700  5283812  5283911  5284012  5284235  5284453, 5267704  5270296  5273047  5273887  5274311  5276552, 5269706  5270590  5273749  5274162  5274740  5284560, , , 5275507, 5275676, 5266897, 5266898, 5266898, 5275510, 5275515, 5275666, 5275680, , , 0, 0, 0, 0, 0, , 5284617, 5284625, L1:R9, 100.00, 000(1)1, <html><body bgcolor="rgb(255;255;115)" width="1000">000(1)1</body></html>, R, 5276561, , 5284568, 5276565
Inf, Mode 0, 0, 0, 0, 0, 0, 0, 0, 0, 0, 0, 0, 0, 0, 0, 0, 0, 0, 0, 150, 160, 1, 0, 110, 1, 0, 1, 0, 110, 1, 0, 1, 1, 0, 0, 1, -1, 15000, 5, 5, 5, E, N, N, N, N, N, N, N, N, N, N, N, N, N, N, N, N, N, N, N, N, N, N, N, 0, 0, 0, 0, 0, 0, 0, 0, 0, 0, 0, 0, 0, 0, 0, 0, 0, 0, 0, 0, 0, 0, 0, , 5287293  5287412  5287524  5287758  5287869  5288058  5288683  5289018  5291036  5291194  5291366  5291482  5291625  5291762  5291875  5296413  5296570  5296717  5296842  5296958  5297057  5299916  5300023  5300131  5300249  5300370  5300501  5300639  5300785  5300934  5301124  5301239  5302459  5302629  5303377  5303569  5303769  5303967  5304162  5304344  5304517  5304624  5304722  5304859  5304967  5305255  5305427  5305543, 5286922  5290756  5296253  5297483  5299661, 5289096  5291881  5297173  5298219  5305601, 5294151, 5295037, 5298275  5298601, 5298584  5298778, 5285371, 5285371, 5285372, 5298280, 5298285, 5298436, 5298589, , , 0, 0, 0, 0, 0, , 5305669, 5305679, L1:R9, 100.00, 000(1)1, <html><body bgcolor="rgb(255;255;115)" width="1000">000(1)1</body></html>, R, 5299674, , 5305610, 5299680
Inf, Mode 0, 0, 0, 0, 0, 0, 0, 0, 0, 0, 0, 0, 0, 0, 0, 0, 0, 0, 0, 150, 160, 1, 0, 110, 1, 0, 1, 0, 110, 1, 0, 1, 1, 0, 0, 1, -1, 15000, 5, 5, 5, E, N, N, N, N, N, N, N, N, N, N, N, N, N, N, N, N, N, N, N, N, N, N, N, 0, 0, 0, 0, 0, 0, 0, 0, 0, 0, 0, 0, 0, 0, 0, 0, 0, 0, 0, 0, 0, 0, 0, 5322664, 5308121  5308224  5308531  5308646  5308786  5311301  5311420  5311519  5311666  5314823  5314923  5315020  5315740  5315845  5315983  5318205  5318324, 5307720  5310874  5314444  5317783, 5309085  5311761  5315963  5318338, 5321390, 5330998, 5319056, 5319226, 5306134, 5306135, 5306136, 5319060, 5319065, 5319216, 5319230, , , 0, 0, 0, 0, 0, , 5331039, 5331045, L2:R8, 100.00, <html><body bgcolor="rgb(255;255;115)" width="1000">000(1)1</body></html>, 000(1)1, L, 5321400, 5321405, 5331003, 
Inf, Mode 0, 0, 0, 0, 0, 0, 0, 0, 0, 0, 0, 0, 0, 0, 0, 0, 0, 0, 0, 150, 160, 1, 0, 110, 1, 0, 1, 0, 110, 1, 0, 1, 1, 0, 0, 1, -1, 15000, 5, 5, 5, E, N, N, N, N, N, N, N, N, N, N, N, N, N, N, N, N, N, N, N, N, N, N, N, 0, 0, 0, 0, 0, 0, 0, 0, 0, 0, 0, 0, 0, 0, 0, 0, 0, 0, 0, 0, 0, 0, 0, , 5349628  5349779  5352686  5352852  5353011  5353108  5353208  5353320  5353465  5353969  5354288  5354436  5354565  5354779  5354938  5357114  5357296  5357490  5357684  5357874  5359883  5360075  5360484  5360673  5360864  5361047  5361177, 5338014  5348984  5352228, 5338526  5349806  5361199, 5331141  5331409  5334769, 5331323  5331906  5336024, 5350968, 5351352, 5331907, 5331908, 5331910, 5350970, 5350974, 5351126, 5351355, , , 0, 0, 0, 0, 0, , 5361249, 5361257, L2:R8, 100.00, 000(1)1, <html><body bgcolor="rgb(255;255;115)" width="1000">000(1)1</body></html>, R, 5352236, , 5361206, 5352240
Inf, Mode 0, 0, 0, 0, 0, 0, 0, 0, 0, 0, 0, 0, 0, 0, 0, 0, 0, 0, 0, 150, 160, 1, 0, 110, 1, 0, 1, 0, 110, 1, 0, 1, 1, 0, 0, 1, -1, 15000, 5, 5, 5, E, N, N, N, N, N, N, N, N, N, N, N, N, N, N, N, N, N, N, N, N, N, N, N, 0, 0, 0, 0, 0, 0, 0, 0, 0, 0, 0, 0, 0, 0, 0, 0, 0, 0, 0, 0, 0, 0, 0, , 5364763  5365419  5365540  5365698  5365797  5365974  5366295  5369577  5369687  5369797  5369929  5370062  5370208  5370359  5370512  5370664  5371035  5373037  5373413  5373973  5374542  5374717  5374908  5375099  5375281  5375452  5375617  5375779  5375886  5376001  5376195  5376376  5376512  5376626  5377045, 5365101  5369119, 5366591  5377310, , , 5368005, 5368169, 5361670, 5361671, 5361672, 5368007, 5368010, 5368161, 5368171, , , 0, 0, 0, 0, 0, , 5377357, 5377366, L1:R9, 100.00, 000(1)1, <html><body bgcolor="rgb(255;255;115)" width="1000">000(1)1</body></html>, R, 5369124, , 5377316, 5369128
Inf, Mode 0, 0, 0, 0, 0, 0, 0, 0, 0, 0, 0, 0, 0, 0, 0, 0, 0, 0, 0, 150, 160, 1, 0, 110, 1, 0, 1, 0, 110, 1, 0, 1, 1, 0, 0, 1, -1, 15000, 5, 5, 5, E, N, N, N, N, N, N, N, N, N, N, N, N, N, N, N, N, N, N, N, N, N, N, N, 0, 0, 0, 0, 0, 0, 0, 0, 0, 0, 0, 0, 0, 0, 0, 0, 0, 0, 0, 0, 0, 0, 0, , 5379843  5379942  5380051  5380150  5380298  5380398  5380518  5380620  5382559  5382723  5382819  5382922  5383056  5383196  5383337  5383681  5383831  5383996  5384117  5384310  5384472  5384970  5385509  5385669  5386226  5386399  5386590  5386768  5386878  5386978  5387111  5387258  5387394  5387728, 5379485  5379562  5382341, 5379514  5380659  5387822, , , 5381475, 5381640, 5378136, 5378137, 5378138, 5381477, 5381481, 5381632, 5381643, , , 0, 0, 0, 0, 0, , 5387871, 5387878, L1:R9, 100.00, 000(1)1, <html><body bgcolor="rgb(255;255;115)" width="1000">000(1)1</body></html>, R, 5382347, , 5387828, 5382351
Inf, Mode 0, 0, 0, 0, 0, 0, 0, 0, 0, 0, 0, 0, 0, 0, 0, 0, 0, 0, 0, 150, 160, 1, 0, 110, 1, 0, 1, 0, 110, 1, 0, 1, 1, 0, 0, 1, -1, 15000, 5, 5, 5, E, N, N, N, N, N, N, N, N, N, N, N, N, N, N, N, N, N, N, N, N, N, N, N, 0, 0, 0, 0, 0, 0, 0, 0, 0, 0, 0, 0, 0, 0, 0, 0, 0, 0, 0, 0, 0, 0, 0, , 5392119  5392413  5393145  5393368  5393934  5396217  5396340  5396485  5396642  5396783  5396919  5397059  5397200  5397345  5397493  5397647  5397810  5401018  5401147  5401315  5401484  5401662  5401843  5401982  5402140  5402283  5403136, 5388652  5391671  5391902  5392738  5392936  5395628, 5388670  5391785  5392588  5392756  5393984  5403185, , , 5394747, 5394914, 5388321, 5388321, 5388322, 5394750, 5394754, 5394905, 5394917, , , 0, 0, 0, 0, 0, , 5403235, 5403243, L1:R9, 100.00, 000(1)1, <html><body bgcolor="rgb(255;255;115)" width="1000">000(1)1</body></html>, R, 5395635, , 5403191, 5395640
Inf, Mode 0, 0, 0, 0, 0, 0, 0, 0, 0, 0, 0, 0, 0, 0, 0, 0, 0, 0, 0, 150, 160, 1, 0, 110, 1, 0, 1, 0, 110, 1, 0, 1, 1, 0, 0, 1, -1, 15000, 5, 5, 5, E, N, N, N, N, N, N, N, N, N, N, N, N, N, N, N, N, N, N, N, N, N, N, N, 0, 0, 0, 0, 0, 0, 0, 0, 0, 0, 0, 0, 0, 0, 0, 0, 0, 0, 0, 0, 0, 0, 0, , 5404593  5404844  5404976  5407352  5407450  5407560  5407699  5407838  5407980  5408128  5408319  5408448  5408592  5408787  5409594  5409945  5410111  5410256  5410441  5410614  5410790  5410966  5411145  5411515  5411682  5412995  5413182  5413376  5413556  5413666  5413908  5414079, 5404380  5406959, 5405128  5414212, , , 5406108, 5406265, 5403638, 5403638, 5403639, 5406109, 5406112, 5406263, 5406267, , , 0, 0, 0, 0, 0, , 5414257, 5414264, L1:R9, 100.00, 000(1)1, <html><body bgcolor="rgb(255;255;115)" width="1000">000(1)1</body></html>, R, 5406963, , 5414218, 5406966
Inf, Mode 0, 0, 0, 0, 0, 0, 0, 0, 0, 0, 0, 0, 0, 0, 0, 0, 0, 0, 0, 150, 160, 1, 0, 110, 1, 0, 1, 0, 110, 1, 0, 1, 1, 0, 0, 1, -1, 15000, 5, 5, 5, E, N, N, N, N, N, N, N, N, N, N, N, N, N, N, N, N, N, N, N, N, N, N, N, 0, 0, 0, 0, 0, 0, 0, 0, 0, 0, 0, 0, 0, 0, 0, 0, 0, 0, 0, 0, 0, 0, 0, , 5415088  5415197  5415443  5415584  5418104  5418210  5418317  5418446  5418583  5418727  5418876  5419030  5419212  5419329  5419839  5419990  5420196  5420360  5420535  5420721  5420890  5421073  5421252  5421432  5421612  5421775  5421990, 5414937  5417723, 5415719  5422603, , , 5416893, 5417058, 5414670, 5414671, 5414671, 5416894, 5416897, 5417048, 5417060, , , 0, 0, 0, 0, 0, , 5422644, 5422651, L1:R9, 100.00, 000(1)1, <html><body bgcolor="rgb(255;255;115)" width="1000">000(1)1</body></html>, R, 5417729, , 5422608, 5417732
Inf, Mode 0, 0, 0, 0, 0, 0, 0, 0, 0, 0, 0, 0, 0, 0, 0, 0, 0, 0, 0, 150, 160, 1, 0, 110, 1, 0, 1, 0, 110, 1, 0, 1, 1, 0, 0, 1, -1, 15000, 5, 5, 5, E, N, N, N, N, N, N, N, N, N, N, N, N, N, N, N, N, N, N, N, N, N, N, N, 0, 0, 0, 0, 0, 0, 0, 0, 0, 0, 0, 0, 0, 0, 0, 0, 0, 0, 0, 0, 0, 0, 0, , 5424364  5424631  5424899  5426015  5428866  5429009  5429248  5429453  5429700  5429881  5429981  5431584  5432473  5432668  5432978  5433084  5434841  5434942  5435272  5435402  5437051  5437250  5438989, 5423027  5423113  5423872  5424300  5424434  5425361  5425998  5428386  5430241  5431661  5433218  5434536  5436797  5438106  5438704  5445856  5449669, 5423057  5423145  5424247  5424340  5425008  5425388  5426435  5430131  5430286  5433112  5433243  5435396  5437371  5438243  5439182  5446309  5449819, 5440855  5444148, 5442287  5444646, 5448518, 5448704, 5423100, 5423101, 5423102, 5448527, 5448538, 5448688, 5448713, , , 0, 0, 0, 0, 0, , 5449894, 5449907, L1:R9, 100.00, 000(1)1, <html><body bgcolor="rgb(255;255;115)" width="1000">000(1)1</body></html>, R, 5449689, , 5449830, 5449699
Inf, Mode 0, 0, 0, 0, 0, 0, 0, 0, 0, 0, 0, 0, 0, 0, 0, 0, 0, 0, 0, 150, 160, 1, 0, 110, 1, 0, 1, 0, 110, 1, 0, 1, 1, 0, 0, 1, -1, 15000, 5, 5, 5, E, N, N, N, N, N, N, N, N, N, N, N, N, N, N, N, N, N, N, N, N, N, N, N, 0, 0, 0, 0, 0, 0, 0, 0, 0, 0, 0, 0, 0, 0, 0, 0, 0, 0, 0, 0, 0, 0, 0, , 5450219  5450354  5450457  5450560  5450659  5450761  5450895  5451030  5451175  5451320  5451471  5451829  5451978  5452474  5452598  5458139  5459795  5459990  5460196  5460395  5460581  5460761  5460878  5461020  5462130  5462264  5462430  5464833  5464937  5465044  5465179  5465314  5465455  5465595  5465739  5466046  5467464  5467830  5468013  5468192  5468382  5470434  5470622  5470799  5470979  5471121  5471228, 5450071  5461972  5464413, 5461681  5462583  5471319, , , 5463304, 5463476, 5461684, 5461688, 5461691, 5463308, 5463314, 5463464, 5463481, , , 0, 0, 0, 0, 0, , 5471378, 5471387, L1:R9, 100.00, 000(1)1, <html><body bgcolor="rgb(255;255;115)" width="1000">000(1)1</body></html>, R, 5464423, , 5471327, 5464429
Inf, Mode 0, 0, 0, 0, 0, 0, 0, 0, 0, 0, 0, 0, 0, 0, 0, 0, 0, 0, 0, 150, 160, 1, 0, 110, 1, 0, 1, 0, 110, 1, 0, 1, 1, 0, 0, 1, -1, 15000, 5, 5, 5, R, N, N, N, N, N, N, N, N, N, N, N, N, N, N, N, N, N, N, N, N, N, N, N, 0, 0, 0, 0, 0, 0, 0, 0, 0, 0, 0, 0, 0, 0, 0, 0, 0, 0, 0, 0, 0, 0, 0, , 5473793  5473952  5474056  5476187  5476311  5476427  5476617  5478859  5478994  5479098  5479247  5479375  5479511  5479649  5479799  5479953  5480153  5480471  5483520  5483696  5483882  5484076  5484271  5484447  5484566  5484667, 5471543  5473468  5475808  5478615, 5471646  5474226  5476649  5484839, , , 5477702, 5477868, 5471862, 5471863, 5471864, 5477704, 5477708, 5477859, 5477871, , , 0, 0, 0, 0, 0, , 5484884, 5484892, L1:R9, 100.00, 000(1)1, <html><body bgcolor="rgb(255;255;115)" width="1000">000(1)1</body></html>, R, 5478622, , 5484846, 5478625
Inf, Mode 0, 0, 0, 0, 0, 0, 0, 0, 0, 0, 0, 0, 0, 0, 0, 0, 0, 0, 0, 150, 160, 1, 0, 110, 1, 0, 1, 0, 110, 1, 0, 1, 1, 0, 0, 1, -1, 15000, 5, 5, 5, R, N, N, N, N, N, N, N, N, N, N, N, N, N, N, N, N, N, N, N, N, N, N, N, 0, 0, 0, 0, 0, 0, 0, 0, 0, 0, 0, 0, 0, 0, 0, 0, 0, 0, 0, 0, 0, 0, 0, , 5485976  5486163  5486263  5489310  5489494  5489597  5489703  5489827  5491988  5492105  5492258  5492497  5494445  5494555  5494695  5498455  5498631  5498735  5498930  5499045  5499253  5499356  5509943  5510106  5510266  5510402  5510525  5510662  5510794  5510934  5511070  5511211  5511356  5511658  5511813  5512128  5512562  5512674  5512846  5516292  5516470  5516655  5517417  5517592  5517779  5517937  5518047, 5485817  5489006  5491575  5494039  5497980  5498106  5506233  5509679, 5486259  5490052  5492514  5494815  5498052  5499413  5506659  5518107, 5501899  5503768, 5502736  5504250, 5507286, 5508227, 5485277, 5485277, 5485278, 5507292, 5507299, 5507450, 5508234, , , 0, 0, 0, 0, 0, , 5518182, 5518193, L0:R10, 100.00, 000(1)1, <html><body bgcolor="rgb(255;255;115)" width="1000">000(1)1</body></html>, R, 5509693, , 5518117, 5509700
Inf, Mode 0, 0, 0, 0, 0, 0, 0, 0, 0, 0, 0, 0, 0, 0, 0, 0, 0, 0, 0, 150, 160, 1, 0, 110, 1, 0, 1, 0, 110, 1, 0, 1, 1, 0, 0, 1, -1, 15000, 5, 5, 5, R, N, N, N, N, N, N, N, N, N, N, N, N, N, N, N, N, N, N, N, N, N, N, N, 0, 0, 0, 0, 0, 0, 0, 0, 0, 0, 0, 0, 0, 0, 0, 0, 0, 0, 0, 0, 0, 0, 0, , 5518452  5520964  5521065  5521174  5521381  5521518  5521661  5521806  5521958  5522110  5522269  5522849  5522978  5526895  5527076  5527656  5527848  5528031  5528598  5528777  5528950  5529230, 5518360  5520606, 5518601  5529337, , , 5519265, 5519555, 5518997, 5518998, 5518999, 5519266, 5519268, 5519419, 5519557, , , 0, 0, 0, 0, 0, , 5529374, 5529380, L0:R10, 100.00, 000(1)1, <html><body bgcolor="rgb(255;255;115)" width="1000">000(1)1</body></html>, R, 5520610, , 5529342, 5520613
Inf, Mode 0, 0, 0, 0, 0, 0, 0, 0, 0, 0, 0, 0, 0, 0, 0, 0, 0, 0, 0, 150, 160, 1, 0, 110, 1, 0, 1, 0, 110, 1, 0, 1, 1, 0, 0, 1, -1, 15000, 5, 5, 5, L, N, N, N, N, N, N, N, N, N, N, N, N, N, N, N, N, N, N, N, N, N, N, N, 0, 0, 0, 0, 0, 0, 0, 0, 0, 0, 0, 0, 0, 0, 0, 0, 0, 0, 0, 0, 0, 0, 0, 5549506  5549643  5549779  5549922  5550068, 5531881  5531983  5532111  5533657  5533881  5534027  5534138  5537217  5539639  5545621  5545732, 5529588  5529973  5531567  5533343  5536884  5539274  5545268, 5529718  5530355  5532204  5534166  5537472  5539691  5545825, 5535174  5548521, 5535752  5557431, 5546966, 5547138, 5529792, 5529793, 5529794, 5546970, 5546976, 5547127, 5547143, , , 0, 0, 0, 0, 0, , 5557479, 5557486, L1:R9, 100.00, <html><body bgcolor="rgb(255;255;115)" width="1000">000(1)1</body></html>, 000(1)1, L, 5548532, 5548538, 5557437, 
Inf, Mode 0, 0, 0, 0, 0, 0, 0, 0, 0, 0, 0, 0, 0, 0, 0, 0, 0, 0, 0, 150, 160, 1, 0, 110, 1, 0, 1, 0, 110, 1, 0, 1, 1, 0, 0, 1, -1, 15000, 5, 5, 5, R, N, N, N, N, N, N, N, N, N, N, N, N, N, N, N, N, N, N, N, N, N, N, N, 0, 0, 0, 0, 0, 0, 0, 0, 0, 0, 0, 0, 0, 0, 0, 0, 0, 0, 0, 0, 0, 0, 0, , 5560455  5563483  5565721  5566149  5566279  5568563  5568700  5568825  5568962  5569091  5569224  5569371  5569517  5569660  5569810  5569970  5571935  5572646  5572791  5573435  5573541  5573737  5573918  5574108  5576069  5576246  5577619  5577821  5578577  5578777  5578964  5579128, 5559929  5563122  5563943  5565772  5568258, 5560482  5563670  5565679  5566447  5579288, 5557599, 5557931, 5567368, 5567535, 5558309, 5558310, 5558311, 5567371, 5567375, 5567526, 5567538, , , 0, 0, 0, 0, 0, , 5579342, 5579351, L1:R9, 100.00, 000(1)1, <html><body bgcolor="rgb(255;255;115)" width="1000">000(1)1</body></html>, R, 5568265, , 5579295, 5568270
Inf, Mode 0, 0, 0, 0, 0, 0, 0, 0, 0, 0, 0, 0, 0, 0, 0, 0, 0, 0, 0, 150, 160, 1, 0, 110, 1, 0, 1, 0, 110, 1, 0, 1, 1, 0, 0, 1, -1, 15000, 5, 5, 5, L, N, N, N, N, N, N, N, N, N, N, N, N, N, N, N, N, N, N, N, N, N, N, N, 0, 0, 0, 0, 0, 0, 0, 0, 0, 0, 0, 0, 0, 0, 0, 0, 0, 0, 0, 0, 0, 0, 0, , 5585352  5585475  5585606  5587763  5587948  5588109  5606146  5606296  5606513  5611653  5613735, 5579485  5584982  5587403  5605767  5611303  5612027  5613680, 5579555  5585800  5588073  5606712  5611708  5612264, 5589128, 5589762, 5613095, 5613266, 5579795, 5579796, 5579797, 5613100, 5613105, 5613256, 5613272, 202, wrong_choice_chose_R, 1, 0, 0, 1, 0, 5613743, 5613752, 5613759, L1:R9, 90.00, 000(1)1, <html><body bgcolor="rgb(230;180;180)" width="1000">000(1)1</body></html>, R, 5613690, , , 
Inf, Mode 0, 0, 0, 0, 0, 0, 0, 0, 0, 0, 0, 0, 0, 0, 0, 0, 0, 0, 0, 150, 160, 1, 0, 110, 1, 0, 1, 0, 110, 1, 0, 1, 1, 0, 0, 1, -1, 15000, 5, 5, 5, R, N, N, N, N, N, N, N, N, N, N, N, N, N, N, N, N, N, N, N, N, N, N, N, 0, 0, 0, 0, 0, 0, 0, 0, 0, 0, 0, 0, 0, 0, 0, 0, 0, 0, 0, 0, 0, 0, 0, , 5614095  5614394  5614826  5614968  5617013  5617289  5617392  5619451  5619599  5619708  5619833  5620002  5622909  5623013  5623110  5623219  5623342  5623470  5623608  5623746  5623891  5624082  5624399  5625201  5625342  5625509  5627308  5627497  5627672  5627858  5628050  5628234  5628388  5628491, 5616714  5619069  5622480, 5614948  5617596  5620044  5628557, , , 5620606, 5621888, 5614949, 5614950, 5614951, 5620610, 5620614, 5620765, 5621891, , , 0, 0, 0, 0, 0, , 5628607, 5628615, L1:R9, 90.00, 000(1)1, <html><body bgcolor="rgb(255;255;115)" width="1000">000(1)1</body></html>, R, 5622488, , 5628564, 5622493
Inf, Mode 0, 0, 0, 0, 0, 0, 0, 0, 0, 0, 0, 0, 0, 0, 0, 0, 0, 0, 0, 150, 160, 1, 0, 110, 1, 0, 1, 0, 110, 1, 0, 1, 1, 0, 0, 1, -1, 15000, 5, 5, 5, L, N, N, N, N, N, N, N, N, N, N, N, N, N, N, N, N, N, N, N, N, N, N, N, 0, 0, 0, 0, 0, 0, 0, 0, 0, 0, 0, 0, 0, 0, 0, 0, 0, 0, 0, 0, 0, 0, 0, , , 5630766, , , , 5629474  5629809, 5629634  5630020, 5629328, 5629329, 5629329, 5629475, 5629477, 5629627, 5629635, 202, wrong_choice_chose_R, 1, 0, 0, 1, 0, 5630792, 5630798, 5630801, L1:R9, 80.00, 000(1)1, <html><body bgcolor="rgb(230;180;180)" width="1000">000(1)1</body></html>, R, 5630770, , , 
Inf, Mode 0, 0, 0, 0, 0, 0, 0, 0, 0, 0, 0, 0, 0, 0, 0, 0, 0, 0, 0, 150, 160, 1, 0, 110, 1, 0, 1, 0, 110, 1, 0, 1, 1, 0, 0, 1, -1, 15000, 5, 5, 5, R, N, N, N, N, N, N, N, N, N, N, N, N, N, N, N, N, N, N, N, N, N, N, N, 0, 0, 0, 0, 0, 0, 0, 0, 0, 0, 0, 0, 0, 0, 0, 0, 0, 0, 0, 0, 0, 0, 0, , 5631046  5631262  5631387  5646017  5646115, 5633366  5634374  5645418  5645700  5650290, 5631512  5634284  5637835  5645578  5646219  5650871, , , 5649707, 5649873, 5631513, 5631514, 5631515, 5649710, 5649713, 5649864, 5649876, , , 0, 0, 0, 0, 0, , 5650903, 5650908, L1:R9, 80.00, 000(1)1, <html><body bgcolor="rgb(255;255;115)" width="1000">000(1)1</body></html>, R, 5650297, , 5650875, 5650301
Inf, Mode 0, 0, 0, 0, 0, 0, 0, 0, 0, 0, 0, 0, 0, 0, 0, 0, 0, 0, 0, 150, 160, 1, 0, 110, 1, 0, 1, 0, 110, 1, 0, 1, 1, 0, 0, 1, -1, 15000, 5, 5, 5, L, N, N, N, N, N, N, N, N, N, N, N, N, N, N, N, N, N, N, N, N, N, N, N, 0, 0, 0, 0, 0, 0, 0, 0, 0, 0, 0, 0, 0, 0, 0, 0, 0, 0, 0, 0, 0, 0, 0, , 5656254  5656363  5656480  5656595  5656726  5656861  5657000  5657138  5657319  5657421  5657672  5658402  5658568  5660099  5662283  5662446  5662644  5663187  5663400  5663966  5664142  5664551  5664721  5664955  5665063  5667520  5669593  5669715  5669909  5670024, 5655608  5655826  5665898  5667395  5669291  5675435, 5655801  5665096  5666193  5667788  5670144, 5672083, 5672547, 5673217, 5674092, 5651269, 5651269, 5651270, 5673223, 5673230, 5673381, 5674099, 202, wrong_choice_chose_R, 1, 0, 0, 1, 0, 5675509, 5675521, 5675529, L1:R9, 70.00, 000(1)1, <html><body bgcolor="rgb(230;180;180)" width="1000">000(1)1</body></html>, R, 5675449, , , 
Inf, Mode 0, 0, 0, 0, 0, 0, 0, 0, 0, 0, 0, 0, 0, 0, 0, 0, 0, 0, 0, 150, 160, 1, 0, 110, 1, 0, 1, 0, 110, 1, 0, 1, 1, 0, 0, 1, -1, 15000, 5, 5, 5, L, N, N, N, N, N, N, N, N, N, N, N, N, N, N, N, N, N, N, N, N, N, N, N, 0, 0, 0, 0, 0, 0, 0, 0, 0, 0, 0, 0, 0, 0, 0, 0, 0, 0, 0, 0, 0, 0, 0, , 5675837  5675974  5676089  5676233  5676526  5676665  5676865  5678600, 5679752, 5677849, , , 5678443, 5678950, 5677850, 5677852, 5677853, 5678445, 5678447, 5678598, 5678952, 202, wrong_choice_chose_R, 1, 0, 0, 1, 0, 5679785, 5679792, 5679797, L1:R9, 60.00, 000(1)1, <html><body bgcolor="rgb(230;180;180)" width="1000">000(1)1</body></html>, R, 5679757, , , 
Inf, Mode 0, 0, 0, 0, 0, 0, 0, 0, 0, 0, 0, 0, 0, 0, 0, 0, 0, 0, 0, 150, 160, 1, 0, 110, 1, 0, 1, 0, 110, 1, 0, 1, 1, 0, 0, 1, -1, 15000, 5, 5, 5, L, N, N, N, N, N, N, N, N, N, N, N, N, N, N, N, N, N, N, N, N, N, N, N, 0, 0, 0, 0, 0, 0, 0, 0, 0, 0, 0, 0, 0, 0, 0, 0, 0, 0, 0, 0, 0, 0, 0, , 5680353  5680450  5680552  5680659  5680888  5681044  5681187  5681300, 5681620  5682813, 5681360  5681629, , , 5682150, 5682314, 5681361, 5681363, 5681366, 5682152, 5682155, 5682306, 5682317, 202, wrong_choice_chose_R, 1, 0, 0, 1, 0, 5682850, 5682856, 5682862, L1:R9, 50.00, 000(1)1, <html><body bgcolor="rgb(230;180;180)" width="1000">000(1)1</body></html>, R, 5682820, , , 
Inf, Mode 0, 0, 0, 0, 0, 0, 0, 0, 0, 0, 0, 0, 0, 0, 0, 0, 0, 0, 0, 150, 160, 1, 0, 110, 1, 0, 1, 0, 110, 1, 0, 1, 1, 0, 0, 1, -1, 15000, 5, 5, 5, L, N, N, N, N, N, N, N, N, N, N, N, N, N, N, N, N, N, N, N, N, N, N, N, 0, 0, 0, 0, 0, 0, 0, 0, 0, 0, 0, 0, 0, 0, 0, 0, 0, 0, 0, 0, 0, 0, 0, , 5683165  5683292, 5686824, 5683410, 5684676, 5685291, 5685880, 5686059, 5683551, 5683552, 5683553, 5685881, 5685884, 5686035, 5686061, 202, wrong_choice_chose_R, 1, 0, 0, 1, 0, 5686854, 5686860, 5686864, L1:R9, 40.00, 000(1)1, <html><body bgcolor="rgb(230;180;180)" width="1000">000(1)1</body></html>, R, 5686830, , , 
Inf, Mode 0, 0, 0, 0, 0, 0, 0, 0, 0, 0, 0, 0, 0, 0, 0, 0, 0, 0, 0, 150, 160, 1, 0, 110, 1, 0, 1, 0, 110, 1, 0, 1, 1, 0, 0, 1, -1, 15000, 5, 5, 5, L, N, N, N, N, N, N, N, N, N, N, N, N, N, N, N, N, N, N, N, N, N, N, N, 0, 0, 0, 0, 0, 0, 0, 0, 0, 0, 0, 0, 0, 0, 0, 0, 0, 0, 0, 0, 0, 0, 0, , 5687076  5687244  5687391  5687505  5690025  5690145, 5687868  5689499  5723067, 5687577  5688054  5690123, 5690969  5694585  5695855  5696508  5701466, 5692455  5695652  5695872  5696536  5702539, 5713183  5721943, 5713346  5722297, 5687578, 5687579, 5687580, 5713187, 5713192, 5713342, 5713351, 202, wrong_choice_chose_R, 1, 0, 0, 1, 0, 5723123, 5723132, 5723140, L0:R10, 30.00, 000(1)1, <html><body bgcolor="rgb(230;180;180)" width="1000">000(1)1</body></html>, R, 5723077, , , 
Inf, Mode 0, 0, 0, 0, 0, 0, 0, 0, 0, 0, 0, 0, 0, 0, 0, 0, 0, 0, 0, 150, 160, 1, 0, 110, 1, 0, 1, 0, 110, 1, 0, 1, 1, 0, 0, 1, -1, 15000, 5, 5, 5, R, N, N, N, N, N, N, N, N, N, N, N, N, N, N, N, N, N, N, N, N, N, N, N, 0, 0, 0, 0, 0, 0, 0, 0, 0, 0, 0, 0, 0, 0, 0, 0, 0, 0, 0, 0, 0, 0, 0, , 5723449  5723580  5725672  5725777  5725977  5726171  5726303  5726437  5726577  5726716  5726864  5727014  5727163  5727509  5727817  5727954  5728103  5728729  5729428  5729577  5729748  5729846  5729947  5730045  5730266  5730428  5730579  5730759, 5725340, 5723700  5730909, , , 5724378, 5724539, 5723933, 5723934, 5723935, 5724379, 5724381, 5724532, 5724541, , , 0, 0, 0, 0, 0, , 5730950, 5730956, L0:R10, 30.00, 000(1)1, <html><body bgcolor="rgb(255;255;115)" width="1000">000(1)1</body></html>, R, 5725344, , 5730914, 5725346
Inf, Mode 0, 0, 0, 0, 0, 0, 0, 0, 0, 0, 0, 0, 0, 0, 0, 0, 0, 0, 0, 150, 160, 1, 0, 110, 1, 0, 1, 0, 110, 1, 0, 1, 1, 0, 0, 1, -1, 15000, 5, 5, 5, R, N, N, N, N, N, N, N, N, N, N, N, N, N, N, N, N, N, N, N, N, N, N, N, 0, 0, 0, 0, 0, 0, 0, 0, 0, 0, 0, 0, 0, 0, 0, 0, 0, 0, 0, 0, 0, 0, 0, , 5731531  5731630  5733971  5734140  5734245  5734518  5734651  5734775  5734884  5736826  5736924  5737060  5738605  5738809  5738919  5739017  5766850  5766959  5767093  5770878  5770976  5771148  5771264  5771396  5771534  5771674  5771820  5771966  5772110  5772255  5772419  5773085  5773206  5773409  5774273  5774445  5774626  5775531  5775700  5778673  5779061  5779239  5779415  5779577  5779691  5779804, 5731397  5733362  5733490  5736498  5738382  5745813  5763112  5763613  5766528  5767250  5770431, 5731705  5733458  5735007  5737088  5739068  5746438  5763177  5763814  5767198  5767478  5779918, 5744129  5748342, 5744637  5748556, 5768125, 5769283, 5731382, 5731383, 5731384, 5768131, 5768139, 5768290, 5769290, , , 0, 0, 0, 0, 0, , 5779998, 5780011, L0:R10, 40.00, 000(1)1, <html><body bgcolor="rgb(255;255;115)" width="1000">000(1)1</body></html>, R, 5770446, , 5779930, 5770455
Inf, Mode 0, 0, 0, 0, 0, 0, 0, 0, 0, 0, 0, 0, 0, 0, 0, 0, 0, 0, 0, 150, 160, 1, 0, 110, 1, 0, 1, 0, 110, 1, 0, 1, 1, 0, 0, 1, -1, 15000, 5, 5, 5, R, N, N, N, N, N, N, N, N, N, N, N, N, N, N, N, N, N, N, N, N, N, N, N, 0, 0, 0, 0, 0, 0, 0, 0, 0, 0, 0, 0, 0, 0, 0, 0, 0, 0, 0, 0, 0, 0, 0, , 5782731  5795217  5795363  5800707  5800922  5801057  5801195  5801338  5801486  5801625  5801775  5801921  5802077  5802432  5802592  5803089  5808151  5808297  5808395  5808494  5808694  5808806  5808910  5809500  5809685  5810079  5810282  5810472  5810590, 5782358  5794756  5800101, 5783035  5795704  5810648, 5793193, 5793606, 5798401, 5798790, 5780893, 5780894, 5780894, 5798403, 5798406, 5798557, 5798793, , , 0, 0, 0, 0, 0, , 5810695, 5810702, L0:R10, 40.00, 000(1)1, <html><body bgcolor="rgb(255;255;115)" width="1000">000(1)1</body></html>, R, 5800108, , 5810654, 5800111
Inf, Mode 0, 0, 0, 0, 0, 0, 0, 0, 0, 0, 0, 0, 0, 0, 0, 0, 0, 0, 0, 150, 160, 1, 0, 110, 1, 0, 1, 0, 110, 1, 0, 1, 1, 0, 0, 1, -1, 15000, 5, 5, 5, L, N, N, N, N, N, N, N, N, N, N, N, N, N, N, N, N, N, N, N, N, N, N, N, 0, 0, 0, 0, 0, 0, 0, 0, 0, 0, 0, 0, 0, 0, 0, 0, 0, 0, 0, 0, 0, 0, 0, , , 5810812  5813922, 5810984  5813971, , , 5812179  5812450  5812658, 5812341  5812517  5812774, 5811499, 5811500, 5811501, 5812180, 5812183, 5812334, 5812343, 202, wrong_choice_chose_R, 1, 0, 0, 1, 0, 5813955, 5813962, 5813966, L0:R10, 40.00, 000(1)1, <html><body bgcolor="rgb(230;180;180)" width="1000">000(1)1</body></html>, R, 5813927, , , 
Inf, Mode 0, 0, 0, 0, 0, 0, 0, 0, 0, 0, 0, 0, 0, 0, 0, 0, 0, 0, 0, 150, 160, 1, 0, 110, 1, 0, 1, 0, 110, 1, 0, 1, 1, 0, 0, 1, -1, 15000, 5, 5, 5, R, N, N, N, N, N, N, N, N, N, N, N, N, N, N, N, N, N, N, N, N, N, N, N, 0, 0, 0, 0, 0, 0, 0, 0, 0, 0, 0, 0, 0, 0, 0, 0, 0, 0, 0, 0, 0, 0, 0, , 5814505  5814615  5814764  5818055  5818195  5818341  5818489  5818631  5818783  5818939  5819086  5819249  5819787  5820491  5820665  5824334  5824499  5824902, 5814037  5815070  5817197, 5814994  5815090  5825263, , , 5816080, 5816363, 5814995, 5814996, 5814999, 5816082, 5816084, 5816235, 5816365, , , 0, 0, 0, 0, 0, , 5825299, 5825305, L0:R10, 40.00, 000(1)1, <html><body bgcolor="rgb(255;255;115)" width="1000">000(1)1</body></html>, R, 5817202, , 5825268, 5817205
Inf, Mode 0, 0, 0, 0, 0, 0, 0, 0, 0, 0, 0, 0, 0, 0, 0, 0, 0, 0, 0, 150, 160, 1, 0, 110, 1, 0, 1, 0, 110, 1, 0, 1, 1, 0, 0, 1, -1, 15000, 5, 5, 5, L, N, N, N, N, N, N, N, N, N, N, N, N, N, N, N, N, N, N, N, N, N, N, N, 0, 0, 0, 0, 0, 0, 0, 0, 0, 0, 0, 0, 0, 0, 0, 0, 0, 0, 0, 0, 0, 0, 0, , , 5827393  5828224  5830458, 5828191  5828462, , , 5829349  5829767, 5829512  5829842, 5825696, 5825697, 5825697, 5829350, 5829353, 5829504, 5829514, 202, wrong_choice_chose_R, 1, 0, 0, 1, 0, 5830491, 5830497, 5830502, L0:R10, 40.00, 000(1)1, <html><body bgcolor="rgb(230;180;180)" width="1000">000(1)1</body></html>, R, 5830463, , , 
Inf, Mode 0, 0, 0, 0, 0, 0, 0, 0, 0, 0, 0, 0, 0, 0, 0, 0, 0, 0, 0, 150, 160, 1, 0, 110, 1, 0, 1, 0, 110, 1, 0, 1, 1, 0, 0, 1, -1, 15000, 5, 5, 5, R, N, N, N, N, N, N, N, N, N, N, N, N, N, N, N, N, N, N, N, N, N, N, N, 0, 0, 0, 0, 0, 0, 0, 0, 0, 0, 0, 0, 0, 0, 0, 0, 0, 0, 0, 0, 0, 0, 0, , 5830874  5833940  5834082  5834187  5834292  5834421  5834521  5834635  5834775  5834913  5835055  5835210  5835372  5836822  5837184  5837539  5837682  5837911  5838020  5838389  5838979  5839138  5839323  5839488  5840601  5840800  5840976  5841092  5841193  5841367, 5833553, 5831138  5841607, , , 5832066  5832644, 5832593  5832739, 5831139, 5831140, 5831141, 5832067, 5832069, 5832220, 5832595, , , 0, 0, 0, 0, 0, , 5841652, 5841659, L0:R10, 50.00, 000(1)1, <html><body bgcolor="rgb(255;255;115)" width="1000">000(1)1</body></html>, R, 5833558, , 5841613, 5833561
Inf, Mode 0, 0, 0, 0, 0, 0, 0, 0, 0, 0, 0, 0, 0, 0, 0, 0, 0, 0, 0, 150, 160, 1, 0, 110, 1, 0, 1, 0, 110, 1, 0, 1, 1, 0, 0, 1, -1, 15000, 5, 5, 5, L, N, N, N, N, N, N, N, N, N, N, N, N, N, N, N, N, N, N, N, N, N, N, N, 0, 0, 0, 0, 0, 0, 0, 0, 0, 0, 0, 0, 0, 0, 0, 0, 0, 0, 0, 0, 0, 0, 0, , 5844880  5844977  5845095  5845377  5845603  5847903  5848016, 5842034  5842255  5844480  5845856  5847374  5850209, 5842231  5842390  5845740  5845888  5848200, , , 5849131, 5849298, 5842391, 5842392, 5842394, 5849134, 5849138, 5849289, 5849303, 202, wrong_choice_chose_R, 1, 0, 0, 1, 0, 5850255, 5850263, 5850269, L0:R10, 50.00, 000(1)1, <html><body bgcolor="rgb(230;180;180)" width="1000">000(1)1</body></html>, R, 5850217, , , 
Inf, Mode 0, 0, 0, 0, 0, 0, 0, 0, 0, 0, 0, 0, 0, 0, 0, 0, 0, 0, 0, 150, 160, 1, 0, 110, 1, 0, 1, 0, 110, 1, 0, 1, 1, 0, 0, 1, -1, 15000, 5, 5, 5, R, N, N, N, N, N, N, N, N, N, N, N, N, N, N, N, N, N, N, N, N, N, N, N, 0, 0, 0, 0, 0, 0, 0, 0, 0, 0, 0, 0, 0, 0, 0, 0, 0, 0, 0, 0, 0, 0, 0, , 5850754  5850864  5850991  5855994  5856355  5856514  5856642  5856774  5856914  5857060  5857205  5857352  5857508  5858222  5858898  5861487  5864114  5864313  5864720  5864898  5865089  5865208  5865309, 5855757, 5850997  5865442, 5852767, 5853543, 5854222  5854538, 5854517  5854843, 5850998, 5850999, 5851000, 5854224, 5854226, 5854377, 5854519, , , 0, 0, 0, 0, 0, , 5865484, 5865490, L0:R10, 60.00, 000(1)1, <html><body bgcolor="rgb(255;255;115)" width="1000">000(1)1</body></html>, R, 5855763, , 5865447, 5855766
Inf, Mode 0, 0, 0, 0, 0, 0, 0, 0, 0, 0, 0, 0, 0, 0, 0, 0, 0, 0, 0, 150, 160, 1, 0, 110, 1, 0, 1, 0, 110, 1, 0, 1, 1, 0, 0, 1, -1, 15000, 5, 5, 5, R, N, N, N, N, N, N, N, N, N, N, N, N, N, N, N, N, N, N, N, N, N, N, N, 0, 0, 0, 0, 0, 0, 0, 0, 0, 0, 0, 0, 0, 0, 0, 0, 0, 0, 0, 0, 0, 0, 0, , 5869550  5869698  5869812  5870018  5870156  5870304  5870446  5870597  5870748  5870904  5871063  5871771  5871931  5873226  5873427  5874393  5875364  5875542  5875731  5876132  5876317  5876497  5876622  5876741  5877148, 5866388  5866723  5869156, 5866641  5867170  5877404, , , 5868205, 5868368, 5865951, 5865952, 5865953, 5868206, 5868209, 5868360, 5868370, , , 0, 0, 0, 0, 0, , 5877446, 5877453, L0:R10, 70.00, 000(1)1, <html><body bgcolor="rgb(255;255;115)" width="1000">000(1)1</body></html>, R, 5869160, , 5877409, 5869163
Inf, Mode 0, 0, 0, 0, 0, 0, 0, 0, 0, 0, 0, 0, 0, 0, 0, 0, 0, 0, 0, 150, 160, 1, 0, 110, 1, 0, 1, 0, 110, 1, 0, 1, 1, 0, 0, 1, -1, 15000, 5, 5, 5, R, N, N, N, N, N, N, N, N, N, N, N, N, N, N, N, N, N, N, N, N, N, N, N, 0, 0, 0, 0, 0, 0, 0, 0, 0, 0, 0, 0, 0, 0, 0, 0, 0, 0, 0, 0, 0, 0, 0, , 5878719  5878910  5881543  5881640  5881772  5881960  5882066  5884438  5885088  5885244  5885341  5885448  5887867  5888004  5888111  5903657  5903771  5904842  5905185  5905299  5905418  5910108  5918073  5918188  5918294  5918408  5918538  5918672  5918803  5918944  5919089  5919242  5919393  5919588  5919705  5920395  5921598  5921731  5924011  5924785  5924966  5925131  5925258  5925413  5925548  5925695  5925841  5926122, 5878384  5881233  5882359  5884017  5884082  5884862  5887548  5892018  5903054  5904527  5909900  5917691, 5879066  5882283  5882382  5884072  5884719  5885524  5888116  5892513  5903783  5905613  5910420  5926205, 5890185  5900325  5900655, 5890482  5900588  5900960, 5915109, 5916624, 5878178, 5878178, 5878179, 5915116, 5915125, 5915276, 5916633, , , 0, 0, 0, 0, 0, , 5926291, 5926460, L0:R10, 70.00, 000(1)1, <html><body bgcolor="rgb(255;255;115)" width="1000">000(1)1</body></html>, R, 5917708, , 5926216, 5917717
Inf, Mode 0, 0, 0, 0, 0, 0, 0, 0, 0, 0, 0, 0, 0, 0, 0, 0, 0, 0, 0, 150, 160, 1, 0, 110, 1, 0, 1, 0, 110, 1, 0, 1, 1, 0, 0, 1, -1, 15000, 5, 5, 5, L, N, N, N, N, N, N, N, N, N, N, N, N, N, N, N, N, N, N, N, N, N, N, N, 0, 0, 0, 0, 0, 0, 0, 0, 0, 0, 0, 0, 0, 0, 0, 0, 0, 0, 0, 0, 0, 0, 0, , 5927543  5927819  5928759  5928914  5929213  5929313, 5927190  5932313, 5929341, , , 5931259, 5931423, 5927101, 5927101, 5927102, 5931261, 5931265, 5931415, 5931425, 202, wrong_choice_chose_R, 1, 0, 0, 1, 0, 5932346, 5932352, 5932357, L0:R10, 60.00, 000(1)1, <html><body bgcolor="rgb(230;180;180)" width="1000">000(1)1</body></html>, R, 5932318, , , 
Inf, Mode 0, 0, 0, 0, 0, 0, 0, 0, 0, 0, 0, 0, 0, 0, 0, 0, 0, 0, 0, 150, 160, 1, 0, 110, 1, 0, 1, 0, 110, 1, 0, 1, 1, 0, 0, 1, -1, 15000, 5, 5, 5, R, N, N, N, N, N, N, N, N, N, N, N, N, N, N, N, N, N, N, N, N, N, N, N, 0, 0, 0, 0, 0, 0, 0, 0, 0, 0, 0, 0, 0, 0, 0, 0, 0, 0, 0, 0, 0, 0, 0, , 5932569  5932877  5932981  5933112  5933435  5933856  5936380  5936651  5936754  5936851  5937029  5937164  5937306  5937453  5937605  5937757  5937909  5938087  5938234  5938738  5941965  5942138  5942254  5942351  5942508  5942619, 5936141, 5934042  5942744, , , 5935134, 5935320, 5934043, 5934045, 5934046, 5935136, 5935138, 5935289, 5935322, , , 0, 0, 0, 0, 0, , 5942782, 5942790, L0:R10, 60.00, 000(1)1, <html><body bgcolor="rgb(255;255;115)" width="1000">000(1)1</body></html>, R, 5936146, , 5942749, 5936149
Inf, Mode 0, 0, 0, 0, 0, 0, 0, 0, 0, 0, 0, 0, 0, 0, 0, 0, 0, 0, 0, 150, 160, 1, 0, 110, 1, 0, 1, 0, 110, 1, 0, 1, 1, 0, 0, 1, -1, 15000, 5, 5, 5, R, N, N, N, N, N, N, N, N, N, N, N, N, N, N, N, N, N, N, N, N, N, N, N, 0, 0, 0, 0, 0, 0, 0, 0, 0, 0, 0, 0, 0, 0, 0, 0, 0, 0, 0, 0, 0, 0, 0, , 5944570  5944678  5944798  5946982  5947089  5947235  5947362  5949985  5950084  5950255  5950374  5950515  5950659  5950803  5950951  5951100  5951263  5951480  5951644  5952524  5952694  5953259  5953427  5954171  5954349  5954515  5954697  5954869  5954976  5955077, 5944258  5946681  5949584, 5944975  5947671  5955253, , , 5948221, 5948385, 5943482, 5943482, 5943483, 5948223, 5948226, 5948377, 5948388, , , 0, 0, 0, 0, 0, , 5955299, 5955306, L0:R10, 70.00, 000(1)1, <html><body bgcolor="rgb(255;255;115)" width="1000">000(1)1</body></html>, R, 5949590, , 5955259, 5949593
Inf, Mode 0, 0, 0, 0, 0, 0, 0, 0, 0, 0, 0, 0, 0, 0, 0, 0, 0, 0, 0, 150, 160, 1, 0, 110, 1, 0, 1, 0, 110, 1, 0, 1, 1, 0, 0, 1, -1, 15000, 5, 5, 5, L, N, N, N, N, N, N, N, N, N, N, N, N, N, N, N, N, N, N, N, N, N, N, N, 0, 0, 0, 0, 0, 0, 0, 0, 0, 0, 0, 0, 0, 0, 0, 0, 0, 0, 0, 0, 0, 0, 0, , 5956997  5959751  5959866  5959994  5961098  5963443  5963598, 5956816  5959379  5963035  5965889, 5957318  5961303  5964071, , , 5964688  5964955, 5964854  5965029, 5956074, 5956074, 5956075, 5964690, 5964694, 5964845, 5964857, 202, wrong_choice_chose_R, 1, 0, 0, 1, 0, 5965932, 5965940, 5965945, L0:R10, 60.00, 000(1)1, <html><body bgcolor="rgb(230;180;180)" width="1000">000(1)1</body></html>, R, 5965896, , , 
Inf, Mode 0, 0, 0, 0, 0, 0, 0, 0, 0, 0, 0, 0, 0, 0, 0, 0, 0, 0, 0, 150, 160, 1, 0, 110, 1, 0, 1, 0, 110, 1, 0, 1, 1, 0, 0, 1, -1, 15000, 5, 5, 5, L, N, N, N, N, N, N, N, N, N, N, N, N, N, N, N, N, N, N, N, N, N, N, N, 0, 0, 0, 0, 0, 0, 0, 0, 0, 0, 0, 0, 0, 0, 0, 0, 0, 0, 0, 0, 0, 0, 0, , 5966461  5973515  5978629  5978732  5978843, 5973256  5978339  5984334, 5966671  5974002  5978941, 5980999, 5982203, 5983202, 5983369, 5966671, 5966672, 5966673, 5983204, 5983208, 5983360, 5983372, 202, wrong_choice_chose_R, 1, 0, 0, 1, 0, 5984373, 5984381, 5984387, L0:R10, 60.00, 000(1)1, <html><body bgcolor="rgb(230;180;180)" width="1000">000(1)1</body></html>, R, 5984340, , , 
Inf, Mode 0, 0, 0, 0, 0, 0, 0, 0, 0, 0, 0, 0, 0, 0, 0, 0, 0, 0, 0, 150, 160, 1, 0, 110, 1, 0, 1, 0, 110, 1, 0, 1, 1, 0, 0, 1, -1, 15000, 5, 5, 5, L, N, N, N, N, N, N, N, N, N, N, N, N, N, N, N, N, N, N, N, N, N, N, N, 0, 0, 0, 0, 0, 0, 0, 0, 0, 0, 0, 0, 0, 0, 0, 0, 0, 0, 0, 0, 0, 0, 0, , 5984837  5984978  5985141  5985488  5985596, 5989334, 5985790, , , 5988007, 5988218, 5985792, 5985793, 5985795, 5988008, 5988012, 5988163, 5988220, 202, wrong_choice_chose_R, 1, 0, 0, 1, 0, 5989363, 5989369, 5989374, L0:R10, 50.00, 000(1)1, <html><body bgcolor="rgb(230;180;180)" width="1000">000(1)1</body></html>, R, 5989339, , , 
Inf, Mode 0, 0, 0, 0, 0, 0, 0, 0, 0, 0, 0, 0, 0, 0, 0, 0, 0, 0, 0, 150, 160, 1, 0, 110, 1, 0, 1, 0, 110, 1, 0, 1, 1, 0, 0, 1, -1, 15000, 5, 5, 5, L, N, N, N, N, N, N, N, N, N, N, N, N, N, N, N, N, N, N, N, N, N, N, N, 0, 0, 0, 0, 0, 0, 0, 0, 0, 0, 0, 0, 0, 0, 0, 0, 0, 0, 0, 0, 0, 0, 0, , 5990040  6003650  6003799  6004463  6009334  6009458  6013309  6013448  6013966  6014241  6014965  6015109  6015411, 6003105  6008353  6008738  6010383  6012806  6017274, 5990240  6003969  6008545  6010195  6010431  6015509, 5991106, 5991667, 6016584, 6016754, 5990240, 5990241, 5990242, 6016588, 6016593, 6016744, 6016759, 202, wrong_choice_chose_R, 1, 0, 0, 1, 0, 6017332, 6017341, 6017348, L0:R10, 50.00, 000(1)1, <html><body bgcolor="rgb(230;180;180)" width="1000">000(1)1</body></html>, R, 6017285, , , 
Inf, Mode 0, 0, 0, 0, 0, 0, 0, 0, 0, 0, 0, 0, 0, 0, 0, 0, 0, 0, 0, 150, 160, 1, 0, 110, 1, 0, 1, 0, 110, 1, 0, 1, 1, 0, 0, 1, -1, 15000, 5, 5, 5, R, N, N, N, N, N, N, N, N, N, N, N, N, N, N, N, N, N, N, N, N, N, N, N, 0, 0, 0, 0, 0, 0, 0, 0, 0, 0, 0, 0, 0, 0, 0, 0, 0, 0, 0, 0, 0, 0, 0, , 6017590  6020207  6020352  6020474  6020624  6020732  6023244  6023507  6023605  6023704  6023825  6023962  6024098  6024239  6024376  6024521  6024670  6024821  6024983  6025189  6025348  6025503  6025661  6025833  6025994  6026514  6026863  6027928  6029095  6029283  6029484  6029681  6029865  6030059  6030185  6030321  6030430  6030559, 6019866  6022959, 6017959  6020803  6030653, , , 6021689, 6021854, 6017960, 6017961, 6017963, 6021691, 6021694, 6021846, 6021856, , , 0, 0, 0, 0, 0, , 6030704, 6030712, L0:R10, 50.00, 000(1)1, <html><body bgcolor="rgb(255;255;115)" width="1000">000(1)1</body></html>, R, 6022965, , 6030660, 6022968
Inf, Mode 0, 0, 0, 0, 0, 0, 0, 0, 0, 0, 0, 0, 0, 0, 0, 0, 0, 0, 0, 150, 160, 1, 0, 110, 1, 0, 1, 0, 110, 1, 0, 1, 1, 0, 0, 1, -1, 15000, 5, 5, 5, L, N, N, N, N, N, N, N, N, N, N, N, N, N, N, N, N, N, N, N, N, N, N, N, 0, 0, 0, 0, 0, 0, 0, 0, 0, 0, 0, 0, 0, 0, 0, 0, 0, 0, 0, 0, 0, 0, 0, , 6036056  6036154  6038483  6038585  6038761  6038904  6039010  6042115  6042215  6042354  6047468  6047565  6047679  6047797, 6031422  6035507  6038185  6041669  6047107  6052409, 6031944  6036262  6039231  6042563  6047954, , , 6049904, 6051640, 6031170, 6031171, 6031171, 6049908, 6049913, 6050064, 6051644, 202, wrong_choice_chose_R, 1, 0, 0, 1, 0, 6052463, 6052471, 6052478, L0:R10, 40.00, 000(1)1, <html><body bgcolor="rgb(230;180;180)" width="1000">000(1)1</body></html>, R, 6052418, , , 
Inf, Mode 0, 0, 0, 0, 0, 0, 0, 0, 0, 0, 0, 0, 0, 0, 0, 0, 0, 0, 0, 150, 160, 1, 0, 110, 1, 0, 1, 0, 110, 1, 0, 1, 1, 0, 0, 1, -1, 15000, 5, 5, 5, L, N, N, N, N, N, N, N, N, N, N, N, N, N, N, N, N, N, N, N, N, N, N, N, 0, 0, 0, 0, 0, 0, 0, 0, 0, 0, 0, 0, 0, 0, 0, 0, 0, 0, 0, 0, 0, 0, 0, , 6052864  6053019  6057170  6057290  6057416, 6056838, 6053145  6057523, , , 6501074, 6501355, 6053145, 6053147, 6053148, 6501076, 6501080, 6501230, 6501357, 204, no_go, 1, 1, 0, 0, 0, 6516379, 6516385, 6516389, L0:R10, 40.00, 000(1)1, 000(1)1, , , , , 
