max_trials, mode, repeat_wrong, win_delays, lose_delays, L_win_L_delay, L_lose_L_delay, R_win_L_delay, R_lose_L_delay, R_win_R_delay, R_lose_R_delay, L_win_R_delay, L_lose_R_delay, odor1_id, odor1_delay, odor1_duration, odor2_id, odor2_delay, odor2_duration, tone_delay, tone_duration, tone_period, L_reward_id, L_reward_delay, L_reward_duration, L_reward_num, L_bolus_delay, R_reward_id, R_reward_delay, R_reward_duration, R_reward_num, R_bolus_delay, trial_delay, error_duration, odor_port_error, well_error, choice_error, odor_port_timeout, well_timeout, debounce_up, debounce_down_odor_port, debounce_down_well, rewarded_well, odor_port_timeout_stim, odor_port_on_stim, odor_port_off_stim, odor1_on_stim, odor1_off_stim, odor2_on_stim, odor2_off_stim, tone_on_stim, tone_off_stim, L_well_on_stim, L_well_off_stim, R_well_on_stim, R_well_off_stim, L_reward_on_stim, L_reward_off_stim, R_reward_on_stim, R_reward_off_stim, reward_on_stim, reward_off_stim, well_timeout_stim, odor_port_early_go_stim, well_early_go_stim, wrong_choice_stim, odor_port_timeout_stim_delay, odor_port_on_stim_delay, odor_port_off_stim_delay, odor1_on_stim_delay, odor1_off_stim_delay, odor2_on_stim_delay, odor2_off_stim_delay, tone_on_stim_delay, tone_off_stim_delay, L_well_on_stim_delay, L_well_off_stim_delay, R_well_on_stim_delay, R_well_off_stim_delay, L_reward_on_stim_delay, L_reward_off_stim_delay, R_reward_on_stim_delay, R_reward_off_stim_delay, reward_on_stim_delay, reward_off_stim_delay, well_timeout_stim_delay, odor_port_early_go_stim_delay, well_early_go_stim_delay, wrong_choice_stim_delay, L_lick_ts, R_lick_ts, L_well_all_on_ts, L_well_all_off_ts, R_well_all_on_ts, R_well_all_off_ts, odor_port_all_on_ts, odor_port_all_off_ts, trial_start_ts, R_light_on_ts, L_light_on_ts, odor_port_on_ts, tone_on_ts, tone_off_ts, odor_port_off_ts, well_id, well_on_ts, L_reward_ts, well_off_ts, error_flg, odor_port_timeout_flg, odor_port_early_go_flg, well_early_go_flg, wrong_choice_flg, R_light_off_ts, L_light_off_ts, choices, performance, L_clicks, R_clicks, error_id, error_string, house_light_on_ts, R_reward_ts
Inf, Mode 2, 0, 0, 0, 0, 0, 0, 0, 0, 0, 0, 0, 0, 0, 0, 0, 0, 0, 0, 150, 160, 1, 0, 110, 1, 0, 1, 0, 110, 1, 0, 1, 1, 0, 0, 1, -1, 15000, 5, 5, 5, E, N, N, N, N, N, N, N, N, N, N, N, N, N, N, N, N, N, N, N, N, N, N, N, 0, 0, 0, 0, 0, 0, 0, 0, 0, 0, 0, 0, 0, 0, 0, 0, 0, 0, 0, 0, 0, 0, 0, 1   238254   238385   239661   310045   310214   311465   311717  3602996  3603273  3640199  3642432  3642548  3696941  3697057  3697177  3697299  3697429  3697539  3697646  3697764  3697871  3698018  3698130  3698258  3700408  3700527  3700633  3700749  3700866  3701099  3701267, 1   240487   241038   312707   313125   313399   313556   316027  3625228  3668075  3668179  3668324  3668427  3754151  3754451  3754755  3754868  3754997  3755108  3755251  3765036, 237541   237852   238624   309743   311040  3603115  3603201  3642293  3696300  3696331  3696752  3700058  3700259  3745949  3767339, 237694   238411   239667   310400   312064  3603177  3603343  3642481  3696315  3696559  3698247  3700076  3701203  3745975  3767474, 240004   240716   312452   314163  3575098  3575215  3575475  3584753  3597802  3668033  3754387  3754547, 240479   241064   313621   314231  3575135  3575277  3575596  3584903  3597833  3668453  3754424  3755304, 241610   314019  3756683  3763853  3764308  3765402, 244473   316065  3761575  3764288  3764340  3765899, 3490282, 3490287, 3490293, 3756685, 3756689, 3756840, 3761579, L, 3767348, 3767353, 3767479, 0, 0, 0, 0, 0, 3767512, 3767519, L1:R0, 100.00, <html><body bgcolor="rgb(255;255;115)" width="1000">000(1)1</body></html>, 000(1)1, , , , 
Inf, Mode 2, 0, 0, 0, 0, 0, 0, 0, 0, 0, 0, 0, 0, 0, 0, 0, 0, 0, 0, 150, 160, 1, 0, 110, 1, 0, 1, 0, 110, 1, 0, 1, 1, 0, 0, 1, -1, 15000, 5, 5, 5, E, N, N, N, N, N, N, N, N, N, N, N, N, N, N, N, N, N, N, N, N, N, N, N, 0, 0, 0, 0, 0, 0, 0, 0, 0, 0, 0, 0, 0, 0, 0, 0, 0, 0, 0, 0, 0, 0, 0, 3768914, , 3768800, 3769015, , , 3769999, 3770690, 3769016, 3769017, 3769018, 3770000, 3770002, 3770153, 3770692, , , , , 1, 1, 0, 0, 0, 3785715, 3785718, L1:R0, 100.00, 000(1)1, 000(1)1, 204, no_go, 3785709, 
Inf, Mode 2, 0, 0, 0, 0, 0, 0, 0, 0, 0, 0, 0, 0, 0, 0, 0, 0, 0, 0, 150, 160, 1, 0, 110, 1, 0, 1, 0, 110, 1, 0, 1, 1, 0, 0, 1, -1, 15000, 5, 5, 5, E, N, N, N, N, N, N, N, N, N, N, N, N, N, N, N, N, N, N, N, N, N, N, N, 0, 0, 0, 0, 0, 0, 0, 0, 0, 0, 0, 0, 0, 0, 0, 0, 0, 0, 0, 0, 0, 0, 0, , 3812440  3812642  3812760, , , 3812481, 3812809, 3808508  3808808, 3808702  3809900, 3786034, 3786034, 3786035, 3808509, 3808512, 3808661, 3808703, R, 3812485, , 3812812, 0, 0, 0, 0, 0, 3812832, 3812836, L1:R1, 100.00, 000(1)1, <html><body bgcolor="rgb(255;255;115)" width="1000">000(1)1</body></html>, , , , 3812488
Inf, Mode 2, 0, 0, 0, 0, 0, 0, 0, 0, 0, 0, 0, 0, 0, 0, 0, 0, 0, 0, 150, 160, 1, 0, 110, 1, 0, 1, 0, 110, 1, 0, 1, 1, 0, 0, 1, -1, 15000, 5, 5, 5, E, N, N, N, N, N, N, N, N, N, N, N, N, N, N, N, N, N, N, N, N, N, N, N, 0, 0, 0, 0, 0, 0, 0, 0, 0, 0, 0, 0, 0, 0, 0, 0, 0, 0, 0, 0, 0, 0, 0, 3877639  3877822, 3812888  3813063  3813215  3813349  3813474  3813624  3813892  3814004  3814154  3814262  3814418  3814587  3814719  3814833  3814976  3815174  3815496  3815674  3815784  3992098  3992453  3992555  3992704  3992905  3993011  3993200  3993361, 3877579  3877643  3879129  3998743, 3877597  3877715  3879177  3998891, 3812907  3991922  3992183  3993501, 3815763  3992094  3993355  3993588, 3994635  3994938, 3994846  3995953, 3815766, 3815769, 3815772, 3994641, 3994648, 3994799, 3994853, L, 3998757, 3998766, 3998899, 0, 0, 0, 0, 0, 3998948, 3998957, L2:R1, 100.00, <html><body bgcolor="rgb(255;255;115)" width="1000">000(1)1</body></html>, 000(1)1, , , , 
Inf, Mode 0, 0, 0, 0, 0, 0, 0, 0, 0, 0, 0, 0, 0, 0, 0, 0, 0, 0, 0, 150, 160, 1, 0, 110, 1, 0, 1, 0, 120, 1, 0, 1, 1, 0, 0, 1, -1, 15000, 5, 5, 5, E, N, N, N, N, N, N, N, N, N, N, N, N, N, N, N, N, N, N, N, N, N, N, N, 0, 0, 0, 0, 0, 0, 0, 0, 0, 0, 0, 0, 0, 0, 0, 0, 0, 0, 0, 0, 0, 0, 0, 3999085  4139165  4139277  4140133  4140347  4140691  4140887  4141001  4141402  4141621  4152201  4152401  4156579  4156811  4156918  4158184  4158301  4158423  4158590  4163977  4164088  4176223  4176382  4176535  4176649  4176762  4182408  4185818  4189511  4254255  4254375  4254483  4254590  4254788  4255030  4255201  4255311  4255497  4255618  4255890  4256077  4256233  4257144  4257475  4257681  4257846  4257978  4258084  4258244  4258523  4258681  4258798  4258939  4259103  4259278  4259398  4259505  4259618  4259756  4259916  4260048  4260217  4269553  4270158, 4027698  4208843  4209020  4222668  4222786  4364443, 4139005  4140768  4141465  4141859  4142173  4142442  4151961  4152323  4155554  4155603  4156425  4158005  4163678  4176872  4182803  4183660  4185220  4185699  4253983  4257397  4269440  4269830  4270030  4372638, 4139409  4140778  4141586  4141986  4142305  4142568  4151990  4152358  4155565  4155645  4156912  4158562  4164114  4176887  4182856  4183891  4185415  4185715  4256184  4260197  4269508  4269956  4270148  4372841, 4027326  4027452  4208743  4209102  4222511  4302531, 4027419  4027649  4209080  4209143  4222851  4302733, 4363162, 4363334, 3999720, 3999720, 3999721, 4363167, 4363173, 4363323, 4363339, L, 4372651, 4372657, 4372847, 0, 0, 0, 0, 0, 4372889, 4372896, L3:R1, 100.00, <html><body bgcolor="rgb(255;255;115)" width="1000">000(1)1</body></html>, 000(1)1, , , , 
Inf, Mode 0, 0, 0, 0, 0, 0, 0, 0, 0, 0, 0, 0, 0, 0, 0, 0, 0, 0, 0, 150, 160, 1, 0, 110, 1, 0, 1, 0, 120, 1, 0, 1, 1, 0, 0, 1, -1, 15000, 5, 5, 5, E, N, N, N, N, N, N, N, N, N, N, N, N, N, N, N, N, N, N, N, N, N, N, N, 0, 0, 0, 0, 0, 0, 0, 0, 0, 0, 0, 0, 0, 0, 0, 0, 0, 0, 0, 0, 0, 0, 0, 4373523  4373922  4374044  4374284  4374393  4374514  4374705  4454352  4560567  4560681  4614154  4614630  4614771  4622518  4622742  4622939  4623886  4624097  4624294  4624501  4624912  4625310  4625525  4625712  4625929  4626114  4681545  4681673  4769650  4771374  4776512  4776632  4776741  4776855  4776961  4777070  4777186  4777300  4777410  4777520  4777651  4777772  4777900  4778012  4778122  4778259  4778376  4778490  4778599  4779117  4779262  4779387  4779499  4779616  4779722  4780045  4780167  4780277  4780633  4780738  4781236  4781448  4781556  4781665  4781772  4781901  4782228  4782347  4782497  4782824  4782991  4783167  4783294  4783415  4783561  4783721  4783862  4784007  4784139  4784281  4784417  4784552  4784699  4784863  4785138  4785286  4785438  4785593  4785742  4785882  4786033  4786187  4786345  4786500  4786670  4786828  4786993  4787153  4787315  4787465  4787604  4787765  4787883  4787990  4788106  4788233  4788343  4788453  4788584  4788709  4788823  4788930  4789072  4789190  4789299  4789427  4789534  4789644  4789783  4789889  4790019  4790183  4790298  4790422  4790530  4790713  4790839  4790962  4791086  4791193  4791301  4791409  4791539  4791658  4791778  4791917  4792067  4792221  4792377  4792540  4792709  4792819  4792984  4793140  4793292  4793452  4793610  4793766  4793928  4794078  4794226  4794421  4794818  4794945  4795111  4795271  4795454  4795561  4795674  4795828  4796190  4796303  4796424  4796533  4796663  4796824  4796977  4797127  4797276  4797584  4797740  4797891  4798044  4798221  4798345  4798451  4799030  4799528  4799639  4799775  4799893  4800009  4800161  4800424  4800832  4800954  4801101  4801217  4801331  4801472  4801616  4803479  4803597  4803705  4803843  4803969  4804139  4804248  4804360  4804495  4804602  4804714  4804843  4805072  4805239  4805377  4805494  4805623  4805758  4805911  4806064  4806218  4806563  4806694  4806808  4807053  4807169  4807284  4807405  4807530  4807665  4807778  4809238  4809348  4809454  4809571  4809705  4809814  4809939  4810097  4810222  4810347  4810468  4810760  4810875  4811105  4811227  4811348  4811459  4811619  4811754  4812131  4812247  4812420  4812528  4812647  4812783  4812968  4813201  4813310  4813418  4813556  4813731  4813875  4814078  4814270  4816194  4816313  4816428  4816575  4816723  4817156  4817297  4817732  4817852  4818122  4818254  4818428  4819098  4819213  4819340  4819597  4819717  4819831  4820005  4823373  4823519  4823647  4823883  4823996  4824101  4824220  4824351  4824493  4824612  4824724  4824840  4824967  4825093  4825205  4825335  4825465  4825623  4825776  4825943  4826101  4826263  4826437  4826588  4826752  4830029  4830143  4832986  4833100  4833213  4833337  4833475  4834259  4834386  4834510  4834669  4834882  4835001  4835375  4835528  4835733  4836079  4836561  4837048  4837313  4837422  4838659  4838770  4838958  4839115  4839972  4840082  4840218  4840332  4840455  4840563  4840675  4840854  4840963  4841082  4841373  4841658  4845761  4846266  4846755  4846866  4846971  4847096  4847204  4847325  4847439  4848702  4848812  4848924  4849045  4849516  4849640  4849764  4849895  4850020  4850267  4854214  4854423  4854535  4854647  4854768  4862893  4863021  4863345  4863457  4863571  4863680  4863875  4864019  4864141  4867989  4868224  4868431  4869915  4881139  4881324  4881477   488164  4881797  4882440  4882626  4882750  4882983  4883092  4883656  4883765  4883898  4884003  4884156  4884317  4884461  4884572  4884685  4884841  4884947  4885280  4885416  4885536  4885697  4885835  4886188  4912637, 4593009  4597965  4600500  4600675  4600809  4601359  4601479  4601635  4601938  4602178  4615777  4615901  4628769  4628928  4629033  4629170  4629279, 4373008  4776680  4795719  4795910  4798638  4798908  4799009  4799181  4800233  4800343  4800678  4803262  4806847  4807794  4808059  4809072  4816028  4818732  4820348  4820551  4820864  4821412  4822834  4822964  4823168  4827390  4832966  4834755  4835317  4836274  4836853  4841323  4841475  4843222  4843985  4846543  4854105  4863245  4863309  4864435  4864690  4865941  4866048  4867784  4868269  4868829  4868895  4871970  4872708  4880924  4883053  4883495  4912599, 4374652  4795702  4795758  4798527  4798714  4798977  4799110  4800139  4800266  4800364  4801734  4806816  4807745  4807814  4808075  4814350  4818416  4819970  4820366  4820632  4821035  4821917  4822854  4823004  4826855  4828684  4834453  4834963  4836210  4836438  4841128  4841332  4841488  4843381  4846221  4850239  4854840  4863262  4864309  4864543  4864965  4865993  4867246  4868126  4868285  4868875  4870296  4872594  4880822  4883039  4883068  4886176  4912736, 4590594  4591329  4598634  4600231  4615512  4621486  4622854  4622984  4624325  4628717, 4590697  4591338  4598643  4602174  4615948  4621720  4622892  4623673  4625085  4629271, 4899298  4899916  4900042  4904675  4904791  4905911  4906020, 4899467  4900006  4900168  4904777  4905644  4906006  4906856, 4374653, 4374656, 4374657, 4899301, 4899306, 4899457, 4899471, L, 4912612, 4912619, 4912744, 0, 0, 0, 0, 0, 4912790, 4912798, L4:R1, 100.00, <html><body bgcolor="rgb(255;255;115)" width="1000">000(1)1</body></html>, 000(1)1, , , , 
Inf, Mode 0, 0, 0, 0, 0, 0, 0, 0, 0, 0, 0, 0, 0, 0, 0, 0, 0, 0, 0, 150, 160, 1, 0, 110, 1, 0, 1, 0, 120, 1, 0, 1, 1, 0, 0, 1, -1, 15000, 5, 5, 5, E, N, N, N, N, N, N, N, N, N, N, N, N, N, N, N, N, N, N, N, N, N, N, N, 0, 0, 0, 0, 0, 0, 0, 0, 0, 0, 0, 0, 0, 0, 0, 0, 0, 0, 0, 0, 0, 0, 0, 4912931  4914141  4914290  4914502  4914676  4914782  4914932  4915044  4915178  4915283  4915409  4915517  4915632  4915844  4915961  4916070  4916284  4916431  4916551  4916663  4916769  4916878  4916986  4917099  4917227  4917336  4917444  4917557  4917663  4917773  4917881  4918052  4918168  4918295  4918411  4918547  4918663  4918782  4918895  4919071  4919214  4919332  4919441  4919549  4919686  4919825  4919962  4920105  4920248  4920388  4920537  4920677  4920818  4920963  4921107  4921261  4921396  4921535  4921679  4921801  4921908  4922021  4922137  4922253  4922382  4922533  4922682  4922801  4922915  4923294  4923428  4923574  4923715  4923859  4924162  4924856  4924974  4925248  4925616  4925763  4925904  4926059  4926303  4926431  4927176  4927314  4927435  4929216  4929343  4929448  4929563  4929857  4929992  4930326  4930928  4931208  4931362  4931871  4931990  4932103  4932210  4932914  4933039  4933153  4933280  4933435  4933586  4933751  4933916  4934051  4934191  4934297  4934410  4934529  4935091  4935217  4935347  4935463  4935620  4935763  4935878  4936005  4936124  4941818  4944023  4944304  4944487  4944973  4945094  4945253  4945380  4945595  4945721  4945836  4945941  4946320  4946847  4946992  4947119  4947240  4947899  4948041  4948180  4948382  4948496  4948641  4948916  4957401  4957509  4957654  4957766  4957930  4958352  4958682  4958816  4959362, 4962469  4963251  4963865  4964247  4964422  4964599  4964750  4965023  4965279  4965413  4965541  4965659  4965819  4966103  4966228  4966334  4966443  4966566  4966730  4986630  4986969  4987080  4987193  4987295  4988045  4988162  4988267  4989052  4989159, 4912923  4914444  4925435  4927193  4929193  4929763  4931743  4935203  4942001  4943879  4947878  4956999  4957308, 4913553  4925018  4927143  4927395  4929597  4931249  4935158  4936276  4942222  4947231  4948847  4957103  4959307, 4962258  4963801  4963910  4970916  4986806, 4963284  4963881  4966700  4971341  4989410, 4991901  4992259, 4992064  4992288, 4913748, 4913750, 4913751, 4991903, 4991905, 4992056, 4992066, , , , , 1, 1, 0, 0, 0, 5007096, 5007100, L4:R1, 100.00, 000(1)1, 000(1)1, 204, no_go, 5007090, 
Inf, Mode 0, 0, 0, 0, 0, 0, 0, 0, 0, 0, 0, 0, 0, 0, 0, 0, 0, 0, 0, 150, 160, 1, 0, 110, 1, 0, 1, 0, 120, 1, 0, 1, 1, 0, 0, 1, -1, 15000, 5, 5, 5, E, N, N, N, N, N, N, N, N, N, N, N, N, N, N, N, N, N, N, N, N, N, N, N, 0, 0, 0, 0, 0, 0, 0, 0, 0, 0, 0, 0, 0, 0, 0, 0, 0, 0, 0, 0, 0, 0, 0, 5057423  5057626  5057829  5057947  5058053  5058184  5058358  5058485  5058625  5058755  5058973  5059087  5059203  5059408  5059521  5059630  5059741  5059896  5060019  5060154  5060282  5060397  5060542  5060697  5060806  5060916  5061055  5061215  5061481  5061587  5061770  5061879  5061994  5062142  5062257  5062385  5062547  5062685  5062847  5062996  5063154  5063321  5063489  5063661  5063774  5063888  5063999  5064105  5064262  5064424  5064595  5064759  5064958  5065550  5065761  5065870  5065984  5066157  5066345  5066509  5066696  5066803  5066911  5067125  5067287  5067699  5067871  5067978  5068092  5068212  5068329  5068438  5068558  5068665  5068783  5068920  5069027  5069140  5069251  5069361  5069530  5069715  5069886  5070075  5070196  5070347  5070472  5070640  5070748  5070872  5070983  5071133  5071440  5072414  5072528  5072648  5072759  5072875  5074598  5074708  5075010  5075193  5075307  5075442  5075611  5075764  5075919  5076093  5076264  5076371  5076488  5076638  5076761  5076872  5080508  5080664  5080844  5080967  5081151  5081279  5081393  5081500  5081606  5081739  5081893  5082011  5082153  5082259  5082379  5082533  5082684  5082793  5083104  5099166  5099363  5099472  5099673  5099792  5099917  5100084  5100218  5100333  5100465  5100583  5100721  5100858  5100993  5101129  5101279  5101432  5101566  5101717  5101864  5101996  5102128  5102263  5102407  5102548  5102690  5102832  5102976  5103125  5103258  5103404  5103554  5103706  5103840  5103988  5104152  5104315  5104462  5104600  5104777  5104931  5105091  5105234  5105410  5105883  5106044  5106220  5106393  5106552  5106694  5106832  5106959  5107089  5107253  5107421  5107578  5107757  5107868  5108147  5108288   510843  5108636  5108974  5109326  5109467  5109613  5109747  5110250  5113124  5113314  5113424  5113550  5113670  5113843  5113996  5114102  5114253  5114422  5114589  5114697  5114813  5115600  5115714  5115869  5116021  5116200  5116369  5116546  5116720  5116834  5116999  5117125  5117250  5117430  5121205  5121312  5121423  5121530  5121639  5121765  5121881  5121987  5122286  5122403  5123132  5123257  5123391  5123553  5124723  5124923  5125035  5125208  5125352  5125490  5125644  5125764  5126066  5128877  5143764  5143872  5143977  5236210  5236324  5236460  5236574  5236697  5236893  5237016  5237128  5237251  5237359  5237466  5237578  5237691  5237827  5237945  5238119  5238250  5238422  5238564  5238707  5238840  5238976  5239115  5239262  5239395  5239539  5239677  5239819  5239967  5240117  5240263  5240413  5240566  5240720  5240878  5241044  5241150  5241286  5241403  5241530  5241690  5241834  5242007  5242167  5242313  5242482  5242646  5242803  5242966  5243078  5243191  5243327  5243463  5243621  5243741  5243878  5244018  5244219  5244364  5244488  5244699  5245725  5245854  5245963  5246071  5246178  5246316  5246451  5246571  5246722  5246828  5246939  5247053  5247182  5247337  5247504  5247711  5247819  5248019  5248417  5248533  5248657  5249103  5249221  5249373  5249526  5249677  5249825  5249997  5250165  5250272  5250381  5250489  5251707  5251815  5252002  5252198  5252321  5252524  5252663  5253613  5253725  5254134  5254245  5256155  5256262  5256377  5256505  5256643  5256827  5256954  5257369  5257687  5259176  5259302  5259520  5259625  5259730  5259837  5260389  5260517  5260626  5260747  5260876  5261006  5261126  5261297  5261409  5261515  5261656  5261764  5261880  5262113  5262282  5262422  5262536  5262809  5262919  5263038  5263269  5263376  5263543  5263670  5263778  5264083  5264218  5264349  5264474  5264882  5266548  5266670  5266802  5266936  5267092  5267202  5267364  5267471  5268006  5268190  5268302  5268595  5268728  5269403  5270806  5270917  5271038  5271454  5271583  5271712  5271855  5272004  5272153  5272302  5272460  5272623  5272791  5272966  5273090  5273265  5273379  5273973  5274081  5274400  5276315  5276454  5276755  5276957  5277081  5277386  5277510  5277663  5277810  5277974  5278115  5278230  5278375  5278518  5278676  5278835  5278997  5279156  5279294  5279496  5279709  5279831  5279963  5280106  5280251  5280396  5280570  5280830  5280940  5281087  5281378  5281487  5281599  5281712  5281900  5282241  5282528  5282870  5282989  5283103  5283684  5283805  5283932  5284077  5284211  5284357  5284468  5284598  5284885  5285028  5285139  5286219  5286330  5286436  5286550  5286731  5286899  5287454  5287574  5287894  5288502  5288720  5288983  5289122  5289256  5289406  5290230  5290345  5290496  5291061  5291254  5291370  5291478  5291594  5291788  5291962  5292288  5292396  5292509  5292724  5292881  5293100  5293208  5293326  5293566  5293673  5293861  5294036  5294650  5294794  5295148  5295464  5296073  5296207  5296333  5296624  5296746  5296851  5300936  5301080  5301209  5301417  5301544  5301676  5301781  5301888  5302016  5302144  5302254  5302368  5302526  5302691  5303168  5303327  5303508  5303709  5303816  5303937  5304082  5305274  5305436  5305541  5305921  5306132  5306294  5306408  5306515  5306696  5308135, 5152189  5152310  5152425  5152537  5152651  5152788  5152935  5153435  5154877  5155096  5155200  5155357  5155480  5155591  5155734  5155873  5156005  5156120  5156237  5156344  5156454  5156583  5156705  5156824  5156931  5157047  5157178  5157334  5157466  5157573  5157729  5157848  5158061  5158205  5158346  5158487  5158628  5158777  5158921  5159063  5159356  5159512  5159685  5159943  5160113  5160320  5160464  5160597  5160744  5160857  5160998  5161105  5161217  5161336  5161506  5161666  5161831  5162002  5162178  5162352  5162524  5162630  5162836  5163077  5164340  5164464  5164667  5164792  5164954  5165057  5165207  5165378  5165548  5165713  5165895  5166140  5166313  5166471  5166644  5166748  5166907  5167025  5167140  5167242  5167640  5167758  5167899  5168010  5168592  5168704  5168825  5168966  5169071  5169208  5169384  5169583  5169801  5169916  5170042  5170185  5171826  5171976  5174727  5175793  5175959  5176065  5176185  5176291  5176393  5176580  5176681  5177023  5177144  5177280  5177427  5177583  5177754  5177920  5178022  5178125  5178256  5178427  5178656  5178761  5178889  5179041  5179158  5182588  5182973  5183094  5183244  5183439  5183612  5184037  5184789  5184959  5185062  5185222  5185375  5185530  5185685  5185837  5186141  5186243  5186348  5187050  5187151  5187265  5187424  5187783  5187898  5188347  5188488  5188635  5188787  5188936  5189088  5189268  5189439  5189545  5189803  5189906  5190019  5190147  5190265  5190374  5190553  5190657  5190767  5318631  5318739  5318848  5319000  5319108  5319216  5319343  5319473  5319596  5319723  5319851  5319980  5320114  5320248  5320384  5320519  5320658  5320800  5320956  5321098  5321234  5321384  5321533  5321643  5321745  5321935  5322078  5322318  5322460  5322608  5322756  5322894  5322999  5323149  5323331  5323503  5323608  5323715  5323920  5324040  5324158  5324280  5324386  5324518  5324771  5324931  5325106  5325264  5325369  5325561  5326084  5326208  5326313  5326415  5326521  5326640  5328857  5328972  5329093  5329545  5329710  5329857  5330013  5330183  5330314  5330485  5330654  5330809  5331060  5331164  5331268  5331379  5334074  5345765  5345878  5345989  5346099  5346210  5346324  5346439  5346574  5346720  5346887  5347007  5347158  5347260  5347372  5347479  5347591  5347704  5347812  5347943  5348060  5348236  5348353  5348457  5348644  5348782  5348923  5349072  5349222  5349364  5349488  5349613  5349778  5349933  5350086  5350234  5350395  5350552  5350705  5350862  5351023  5351168  5351313  5351475  5351636  5351781  5351914  5352018  5352130  5352232  5352387  5352543  5352708  5352871  5353044  5353188  5353311  5353421  5353539  5353659  5353779  5353965  5354083  5354208  5354369  5354529  5354681  5354843  5355028  5355206  5355382  5355493  5355616  5355773  5356052  5356747  5356918  5357071  5357235  5357393  5357552  5357656  5357905  5358082, 5057238  5072266  5074677  5074828  5076506  5079058  5079613  5080096  5080211  5080741  5098978  5112778  5113188  5121106  5124759  5235870  5250758  5251525  5252068  5252112  5253952  5255956  5256055  5256168  5258866  5266393  5270641  5283266  5283535  5285653  5286050  5294217  5295273  5300724  5307702  5307770, 5071459  5074647  5074696  5076494  5076901  5079362  5079656  5080175  5080589  5083089  5109907  5112815  5117457  5124696  5125772  5250457  5250882  5251937  5252083  5253731  5254322  5256030  5256119  5257678  5264820  5269233  5283133  5283414  5285547  5285764  5294066  5295129  5296633  5306710  5307744  5308150, 5152013  5171720  5175636  5182455  5182742  5186950  5192074  5318505  5328640  5328753  5345675, 5170174  5171733  5179318  5182692  5186646  5190777  5192798  5326673  5328670  5331339  5358133, 5342592, 5342763, 5007877, 5007877, 5007878, 5342596, 5342601, 5342752, 5342768, R, 5345685, , 5358135, 0, 0, 0, 0, 0, 5358151, 5358155, L4:R2, 100.00, 000(1)1, <html><body bgcolor="rgb(255;255;115)" width="1000">000(1)1</body></html>, , , , 5345690
Inf, Mode 0, 0, 0, 0, 0, 0, 0, 0, 0, 0, 0, 0, 0, 0, 0, 0, 0, 0, 0, 150, 160, 1, 0, 110, 1, 0, 1, 0, 120, 1, 0, 1, 1, 0, 0, 1, -1, 15000, 5, 5, 5, E, N, N, N, N, N, N, N, N, N, N, N, N, N, N, N, N, N, N, N, N, N, N, N, 0, 0, 0, 0, 0, 0, 0, 0, 0, 0, 0, 0, 0, 0, 0, 0, 0, 0, 0, 0, 0, 0, 0, , , , , , , , , , , , , , , , , , , , , , , , , , , , , , , , , , 
