max_trials, mode, repeat_wrong, win_delays, lose_delays, L_win_L_delay, L_lose_L_delay, R_win_L_delay, R_lose_L_delay, R_win_R_delay, R_lose_R_delay, L_win_R_delay, L_lose_R_delay, odor1_id, odor1_delay, odor1_duration, odor2_id, odor2_delay, odor2_duration, tone_delay, tone_duration, tone_period, L_reward_id, L_reward_delay, L_reward_duration, L_reward_num, L_bolus_delay, R_reward_id, R_reward_delay, R_reward_duration, R_reward_num, R_bolus_delay, trial_delay, error_duration, odor_port_error, well_error, choice_error, odor_port_timeout, well_timeout, debounce_up, debounce_down_odor_port, debounce_down_well, rewarded_well, odor_port_timeout_stim, odor_port_on_stim, odor_port_off_stim, odor1_on_stim, odor1_off_stim, odor2_on_stim, odor2_off_stim, tone_on_stim, tone_off_stim, L_well_on_stim, L_well_off_stim, R_well_on_stim, R_well_off_stim, L_reward_on_stim, L_reward_off_stim, R_reward_on_stim, R_reward_off_stim, reward_on_stim, reward_off_stim, well_timeout_stim, odor_port_early_go_stim, well_early_go_stim, wrong_choice_stim, odor_port_timeout_stim_delay, odor_port_on_stim_delay, odor_port_off_stim_delay, odor1_on_stim_delay, odor1_off_stim_delay, odor2_on_stim_delay, odor2_off_stim_delay, tone_on_stim_delay, tone_off_stim_delay, L_well_on_stim_delay, L_well_off_stim_delay, R_well_on_stim_delay, R_well_off_stim_delay, L_reward_on_stim_delay, L_reward_off_stim_delay, R_reward_on_stim_delay, R_reward_off_stim_delay, reward_on_stim_delay, reward_off_stim_delay, well_timeout_stim_delay, odor_port_early_go_stim_delay, well_early_go_stim_delay, wrong_choice_stim_delay, L_lick_ts, R_lick_ts, trial_start_ts, R_light_on_ts, L_light_on_ts, L_well_all_on_ts, L_well_all_off_ts, R_well_all_on_ts, R_well_all_off_ts, odor_port_all_on_ts, odor_port_on_ts, tone_on_ts, tone_off_ts, odor_port_all_off_ts, odor_port_off_ts, well_id, well_on_ts, L_reward_ts, well_off_ts, error_flg, odor_port_timeout_flg, odor_port_early_go_flg, well_early_go_flg, wrong_choice_flg, R_light_off_ts, L_light_off_ts, choices, performance, L_clicks, R_clicks, error_id, error_string, house_light_on_ts, R_reward_ts
Inf, Mode 0, 0, 0, 0, 0, 0, 0, 0, 0, 0, 0, 0, 0, 0, 0, 0, 0, 0, 0, 150, 160, 1, 0, 110, 1, 0, 1, 0, 110, 1, 0, 1, 1, 0, 0, 1, -1, 15000, 5, 5, 5, E, N, N, N, N, N, N, N, N, N, N, N, N, N, N, N, N, N, N, N, N, N, N, N, 0, 0, 0, 0, 0, 0, 0, 0, 0, 0, 0, 0, 0, 0, 0, 0, 0, 0, 0, 0, 0, 0, 0, 1  282591  282829  283622  286731  328148  328280  331672  333599, 1  247323  247726  248838  249798, 44644, 44645, 44646, 218776  234013  234609  272088  279390  279845  285827  289936  327156, 218963  234165  234662  272355  279420  285401  287230  291423  335244, 247175  248393  248463, 247184  248432  249738, 315616, 315621, 315627, 315778, 317740, 317746, L, 327169, 327175, 335250, 0, 0, 0, 0, 0, 335294, 335302, L1:R0, 100.00, <html><body bgcolor="rgb(255;255;115)" width="1000">000(1)1</body></html>, 000(1)1, , , , 
Inf, Mode 0, 0, 0, 0, 0, 0, 0, 0, 0, 0, 0, 0, 0, 0, 0, 0, 0, 0, 0, 150, 160, 1, 0, 110, 1, 0, 1, 0, 110, 1, 0, 1, 1, 0, 0, 1, -1, 15000, 5, 5, 5, E, N, N, N, N, N, N, N, N, N, N, N, N, N, N, N, N, N, N, N, N, N, N, N, 0, 0, 0, 0, 0, 0, 0, 0, 0, 0, 0, 0, 0, 0, 0, 0, 0, 0, 0, 0, 0, 0, 0, , , 336500, 336501, 336502, 341000  341271  341414  341549  359966, 341016  341391  341492  343299  360754, , , 367021  368557, 367023, 367026, 367177, 367813  368629, 367816, , , , , 1, 1, 0, 0, 0, 382851, 382855, L1:R0, 100.00, 000(1)1, 000(1)1, 204, no_go, 382843, 
Inf, Mode 0, 0, 0, 0, 0, 0, 0, 0, 0, 0, 0, 0, 0, 0, 0, 0, 0, 0, 0, 150, 160, 1, 0, 110, 1, 0, 1, 0, 110, 1, 0, 1, 1, 0, 0, 1, -1, 15000, 5, 5, 5, E, N, N, N, N, N, N, N, N, N, N, N, N, N, N, N, N, N, N, N, N, N, N, N, 0, 0, 0, 0, 0, 0, 0, 0, 0, 0, 0, 0, 0, 0, 0, 0, 0, 0, 0, 0, 0, 0, 0, , 397160  397325  397449  397549  397681  397784  397927  398059  398181  398347  398445  398608  398711  398885  399001  399116  399246  399349  399468  399582  399838  404745  404842  404995  405114  405227  405346  405517  405625  405736  406140  406501  406784  406999, 383147, 383147, 383148, 415908  416209  438238  438315  439588  470219, 416080  416396  438251  439535  439613  470513, 396829  404258  404408  406506  406725  407823  407942, 399965  404321  405683  406598  406736  407847  408056, 464598, 464606, 464615, 464765, 464774, 464783, L, 470237, 470246, 470522, 0, 0, 0, 0, 0, 470581, 470591, L2:R0, 100.00, <html><body bgcolor="rgb(255;255;115)" width="1000">000(1)1</body></html>, 000(1)1, , , , 
Inf, Mode 0, 0, 0, 0, 0, 0, 0, 0, 0, 0, 0, 0, 0, 0, 0, 0, 0, 0, 0, 150, 160, 1, 0, 110, 1, 0, 1, 0, 110, 1, 0, 1, 1, 0, 0, 1, -1, 15000, 5, 5, 5, E, N, N, N, N, N, N, N, N, N, N, N, N, N, N, N, N, N, N, N, N, N, N, N, 0, 0, 0, 0, 0, 0, 0, 0, 0, 0, 0, 0, 0, 0, 0, 0, 0, 0, 0, 0, 0, 0, 0, 474807  475188  477259  481050  485243  485372  485521  485926  486063  486867  527540  527664  527782  528118  530985  531591  531732  531865  533071  534026, 516714  516954  517094  517224  517323  517496  517654  517816, 481534, 481536, 481538, 470744  484483  487683  487770  496630  501232  501417  511239  526972, 481533  487394  487701  488028  497844  501395  502980  511737  535499, 516646  516692, 516658  517811, 523279, 523284, 523291, 523442, 523968, 523974, L, 526986, 526993, 535507, 0, 0, 0, 0, 0, 535559, 535568, L3:R0, 100.00, <html><body bgcolor="rgb(255;255;115)" width="1000">000(1)1</body></html>, 000(1)1, , , , 
Inf, Mode 0, 0, 0, 0, 0, 0, 0, 0, 0, 0, 0, 0, 0, 0, 0, 0, 0, 0, 0, 150, 160, 1, 0, 110, 1, 0, 1, 0, 110, 1, 0, 1, 1, 0, 0, 1, -1, 15000, 5, 5, 5, E, N, N, N, N, N, N, N, N, N, N, N, N, N, N, N, N, N, N, N, N, N, N, N, 0, 0, 0, 0, 0, 0, 0, 0, 0, 0, 0, 0, 0, 0, 0, 0, 0, 0, 0, 0, 0, 0, 0, 539132  539300  539458  539786  539930  540076  540231  540391, 569495, 536236, 536237, 536237, 536239  536700  537686  538372  538485  538582  541372  544615  607381, 536253  537085  537702  538442  538558  541325  541578  545081  607523, 568998  569150, 569114  569572, 602676  603047  605479, 602681, 602686, 602838, 602849  605217  605964, 602854, L, 607393, 607400, 607529, 0, 0, 0, 0, 0, 607574, 607581, L4:R0, 100.00, <html><body bgcolor="rgb(255;255;115)" width="1000">000(1)1</body></html>, 000(1)1, , , , 
Inf, Mode 0, 0, 0, 0, 0, 0, 0, 0, 0, 0, 0, 0, 0, 0, 0, 0, 0, 0, 0, 150, 160, 1, 0, 110, 1, 0, 1, 0, 110, 1, 0, 1, 1, 0, 0, 1, -1, 15000, 5, 5, 5, E, N, N, N, N, N, N, N, N, N, N, N, N, N, N, N, N, N, N, N, N, N, N, N, 0, 0, 0, 0, 0, 0, 0, 0, 0, 0, 0, 0, 0, 0, 0, 0, 0, 0, 0, 0, 0, 0, 0, 613648  614226  614351  614596  614721  615336  615464  622543, 770700  770805  793205  793320  793421  793528  793637  793769  793900  794035  794167  794265  794446  794568  794677  794775  794874  794973  795073  795184  795283  795396  795517  795620  795724  795844  796020  796145  797144  797298  797712, 607994, 607995, 607996, 608078  609715  611125  611200  612410  612829  626344  626915  628464  628582  634054  652491  653377  693358  722017, 609705  610839  611158  611213  612469  622507  626825  627210  628489  628651  634128  653078  653440  694454  722132, 645841  770048  792774, 646432  770910  797922, 785799  786330  786745, 785806, 785814, 785964, 785977  786688  787243, 785984, R, 792792, , 797934, 0, 0, 0, 0, 0, 798009, 798179, L4:R1, 100.00, 000(1)1, <html><body bgcolor="rgb(255;255;115)" width="1000">000(1)1</body></html>, , , , 792800
Inf, Mode 0, 0, 0, 0, 0, 0, 0, 0, 0, 0, 0, 0, 0, 0, 0, 0, 0, 0, 0, 150, 160, 1, 0, 110, 1, 0, 1, 0, 110, 1, 0, 1, 1, 0, 0, 1, -1, 15000, 5, 5, 5, E, N, N, N, N, N, N, N, N, N, N, N, N, N, N, N, N, N, N, N, N, N, N, N, 0, 0, 0, 0, 0, 0, 0, 0, 0, 0, 0, 0, 0, 0, 0, 0, 0, 0, 0, 0, 0, 0, 0, , 798696  804176  804372  804476  855027  855135, 798790, 798791, 798792, 824713  861811  867115  867168  867218  867425  868014  868248, 824790  862874  867132  867200  867241  867487  868215  868678, 798262  798328  798806  803733  807726  854611, 798285  798625  799158  804532  807826  855363, 874534, 874540, 874547, 874698, 875694, 875700, , , , , 1, 1, 0, 0, 0, 890759, 890767, L4:R1, 100.00, 000(1)1, 000(1)1, 204, no_go, 890748, 
Inf, Mode 0, 0, 0, 0, 0, 0, 0, 0, 0, 0, 0, 0, 0, 0, 0, 0, 0, 0, 0, 150, 160, 1, 0, 110, 1, 0, 1, 0, 110, 1, 0, 1, 1, 0, 0, 1, -1, 15000, 5, 5, 5, E, N, N, N, N, N, N, N, N, N, N, N, N, N, N, N, N, N, N, N, N, N, N, N, 0, 0, 0, 0, 0, 0, 0, 0, 0, 0, 0, 0, 0, 0, 0, 0, 0, 0, 0, 0, 0, 0, 0, 913026, , 891025, 891026, 891027, 912395, 915646, , , 910514, 910515, 910516, 910667, 910674, 910675, L, 912398, 912400, 915648, 0, 0, 0, 0, 0, 915664, 915667, L5:R1, 100.00, <html><body bgcolor="rgb(255;255;115)" width="1000">000(1)1</body></html>, 000(1)1, , , , 
Inf, Mode 0, 0, 0, 0, 0, 0, 0, 0, 0, 0, 0, 0, 0, 0, 0, 0, 0, 0, 0, 150, 160, 1, 0, 110, 1, 0, 1, 0, 110, 1, 0, 1, 1, 0, 0, 1, -1, 15000, 5, 5, 5, E, N, N, N, N, N, N, N, N, N, N, N, N, N, N, N, N, N, N, N, N, N, N, N, 0, 0, 0, 0, 0, 0, 0, 0, 0, 0, 0, 0, 0, 0, 0, 0, 0, 0, 0, 0, 0, 0, 0, 916811  922974  928318, , 921007, 921008, 921009, 915715  921088  921146  921367  926999  930426  948287, 921006  921105  921332  923430  928911  930458  949330, , , 954380  954604  955862  955932  956406  956524  968913, 954383, 954387, 954539, 954567  955760  955872  956324  956483  957192  969484, 954571, , , , , 1, 1, 0, 0, 0, 969626, 969633, L5:R1, 100.00, 000(1)1, 000(1)1, 204, no_go, 969617, 
Inf, Mode 0, 0, 0, 0, 0, 0, 0, 0, 0, 0, 0, 0, 0, 0, 0, 0, 0, 0, 0, 150, 160, 1, 0, 110, 1, 0, 1, 0, 110, 1, 0, 1, 1, 0, 0, 1, -1, 15000, 5, 5, 5, E, N, N, N, N, N, N, N, N, N, N, N, N, N, N, N, N, N, N, N, N, N, N, N, 0, 0, 0, 0, 0, 0, 0, 0, 0, 0, 0, 0, 0, 0, 0, 0, 0, 0, 0, 0, 0, 0, 0, , 975624  975721  975852  976011, 969893, 969894, 969895, , , 975295, 976140, 978107  978762  982797  986671, 978108, 978111, 978262, 978298  980578  986643  987530, 978300, , , , , 1, 1, 0, 0, 0, 993334, 993338, L5:R1, 100.00, 000(1)1, 000(1)1, 204, no_go, 993327, 
Inf, Mode 0, 0, 0, 0, 0, 0, 0, 0, 0, 0, 0, 0, 0, 0, 0, 0, 0, 0, 0, 150, 160, 1, 0, 110, 1, 0, 1, 0, 110, 1, 0, 1, 1, 0, 0, 1, -1, 15000, 5, 5, 5, E, N, N, N, N, N, N, N, N, N, N, N, N, N, N, N, N, N, N, N, N, N, N, N, 0, 0, 0, 0, 0, 0, 0, 0, 0, 0, 0, 0, 0, 0, 0, 0, 0, 0, 0, 0, 0, 0, 0, 1040204  1040560  1040676  1044018  1048314  1048480  1048646, 1027543  1027654  1027810  1028028  1028154  1028341  1028457  1028802  1029058  1029157  1029311  1029474  1029604  1030476, 993808, 993808, 993809, 1039525, 1049117, 1027207, 1030676, 1032556, 1032558, 1032562, 1032713, 1033887, 1033890, L, 1039533, 1039537, 1049122, 0, 0, 0, 0, 0, 1049154, 1049160, L6:R1, 100.00, <html><body bgcolor="rgb(255;255;115)" width="1000">000(1)1</body></html>, 000(1)1, , , , 
Inf, Mode 0, 0, 0, 0, 0, 0, 0, 0, 0, 0, 0, 0, 0, 0, 0, 0, 0, 0, 0, 150, 160, 1, 0, 110, 1, 0, 1, 0, 110, 1, 0, 1, 1, 0, 0, 1, -1, 15000, 5, 5, 5, E, N, N, N, N, N, N, N, N, N, N, N, N, N, N, N, N, N, N, N, N, N, N, N, 0, 0, 0, 0, 0, 0, 0, 0, 0, 0, 0, 0, 0, 0, 0, 0, 0, 0, 0, 0, 0, 0, 0, 1084712  1084834, , 1049804, 1049805, 1049806, 1053910  1061048  1083913, 1054876  1061698  1090487, , , 1078121  1079424, 1078122, 1078125, 1078276, 1079138  1081925, 1079140, L, 1083918, 1083922, 1090490, 0, 0, 0, 0, 0, 1090513, 1090518, L7:R1, 100.00, <html><body bgcolor="rgb(255;255;115)" width="1000">000(1)1</body></html>, 000(1)1, , , , 
Inf, Mode 0, 0, 0, 0, 0, 0, 0, 0, 0, 0, 0, 0, 0, 0, 0, 0, 0, 0, 0, 150, 160, 1, 0, 110, 1, 0, 1, 0, 110, 1, 0, 1, 1, 0, 0, 1, -1, 15000, 5, 5, 5, E, N, N, N, N, N, N, N, N, N, N, N, N, N, N, N, N, N, N, N, N, N, N, N, 0, 0, 0, 0, 0, 0, 0, 0, 0, 0, 0, 0, 0, 0, 0, 0, 0, 0, 0, 0, 0, 0, 0, 1165324  1165505  1165663  1165983, 1140779  1140967  1141094, 1091181, 1091181, 1091182, 1164460  1170171  1171208, 1166333  1171053  1171224, 1140129  1140217  1174874  1183467, 1140198  1141216  1175117  1183599, 1176211  1176611  1181755, 1176214, 1176219, 1176370, 1176449  1179420  1181768, 1176453, R, 1183477, , 1183605, 0, 0, 0, 0, 0, 1183641, 1183648, L7:R2, 100.00, 000(1)1, <html><body bgcolor="rgb(255;255;115)" width="1000">000(1)1</body></html>, , , , 1183482
Inf, Mode 0, 0, 0, 0, 0, 0, 0, 0, 0, 0, 0, 0, 0, 0, 0, 0, 0, 0, 0, 150, 160, 1, 0, 110, 1, 0, 1, 0, 110, 1, 0, 1, 1, 0, 0, 1, -1, 15000, 5, 5, 5, E, N, N, N, N, N, N, N, N, N, N, N, N, N, N, N, N, N, N, N, N, N, N, N, 0, 0, 0, 0, 0, 0, 0, 0, 0, 0, 0, 0, 0, 0, 0, 0, 0, 0, 0, 0, 0, 0, 0, 1220467  1220584  1220700  1220815  1220932  1221049  1221159  1222098  1222236  1223072  1223527  1223671  1224634  1227347  1227511  1227666, 1201529  1201627  1201751  1201853  1201990  1202097  1202196  1202321  1202441  1202565  1202674  1202775  1202893  1203010  1203121  1203221  1203321  1203503  1203615  1203722  1203834  1203938  1204036  1204149  1205301  1205416  1205547  1210356  1213429  1213665, 1184061, 1184062, 1184063, 1219844, 1227961, 1200743  1200798  1205145  1210006  1212661  1213050, 1200757  1204445  1205829  1210510  1212696  1213678, 1214904  1218162, 1214910, 1214917, 1215068, 1215177  1218266, 1215183, L, 1219858, 1219866, 1227970, 0, 0, 0, 0, 0, 1228030, 1228041, L8:R2, 100.00, <html><body bgcolor="rgb(255;255;115)" width="1000">000(1)1</body></html>, 000(1)1, , , , 
Inf, Mode 0, 0, 0, 0, 0, 0, 0, 0, 0, 0, 0, 0, 0, 0, 0, 0, 0, 0, 0, 150, 160, 1, 0, 110, 1, 0, 1, 0, 110, 1, 0, 1, 1, 0, 0, 1, -1, 15000, 5, 5, 5, E, N, N, N, N, N, N, N, N, N, N, N, N, N, N, N, N, N, N, N, N, N, N, N, 0, 0, 0, 0, 0, 0, 0, 0, 0, 0, 0, 0, 0, 0, 0, 0, 0, 0, 0, 0, 0, 0, 0, , 1255053  1255159  1255395  1255493  1255593  1255700  1255812  1255987  1256091  1256215  1256331  1256510, 1228753, 1228754, 1228755, 1228915  1244901  1245151, 1229089  1245081  1245688, 1254853, 1256716, 1249992  1251930, 1249994, 1249996, 1250147, 1251793  1253030, 1251795, R, 1254859, , 1256721, 0, 0, 0, 0, 0, 1256753, 1256758, L7:R3, 100.00, 000(1)1, <html><body bgcolor="rgb(255;255;115)" width="1000">000(1)1</body></html>, , , , 1254862
Inf, Mode 0, 0, 0, 0, 0, 0, 0, 0, 0, 0, 0, 0, 0, 0, 0, 0, 0, 0, 0, 150, 160, 1, 0, 110, 1, 0, 1, 0, 110, 1, 0, 1, 1, 0, 0, 1, -1, 15000, 5, 5, 5, E, N, N, N, N, N, N, N, N, N, N, N, N, N, N, N, N, N, N, N, N, N, N, N, 0, 0, 0, 0, 0, 0, 0, 0, 0, 0, 0, 0, 0, 0, 0, 0, 0, 0, 0, 0, 0, 0, 0, 1301777  1425622  1426992  1427138  1427276  1478299  1611757  1613242  1613393  1613540  1613844  1613993  1615670  1617731  1617876  1618350, 1258038  1258814  1259019  1259154  1259293  1259427  1259553  1259674  1259817  1259940  1260042  1260168  1260282  1260381  1261880  1261983  1262093  1263289  1263398  1263501  1263830  1264019  1264147  1264302  1264405  1264829  1267989  1268101  1276801  1276905  1277056  1277351  1277466  1277618  1280941  1282856  1283502  1291382  1291667  1291872  1292127  1292262  1337309  1364554  1364692  1495927  1496028  1500631, 1257407, 1257409, 1257410, 1298745  1303757  1319717  1343446  1370771  1424507  1431132  1431221  1454608  1477666  1481210  1482198  1482269  1482386  1492283  1532240  1543375  1610648  1616282  1616957  1622582  1633229, 1302282  1304369  1320829  1344939  1371857  1427499  1431194  1432217  1455468  1478773  1481464  1482238  1482368  1482464  1492297  1533168  1543737  1615995  1616942  1618789  1624187  1634436, 1257370  1257468  1257552  1261478  1262744  1267288  1269212  1276489  1279960  1281570  1282681  1284345  1290314  1290750  1291002  1326720  1336594  1337064  1364197  1445365  1445469  1445565  1495720  1500150  1500207  1500963  1641664, 1257407  1257541  1260608  1262447  1264965  1268183  1269962  1277611  1280032  1282235  1283603  1284360  1290472  1290766  1292396  1327248  1336802  1337600  1364921  1445427  1445505  1445913  1496108  1500183  1500692  1501036  1641840, 1636634, 1636644, 1636656, 1636807, 1638876, 1638887, R, 1641687, , 1641851, 0, 0, 0, 0, 0, 1641925, 1641938, L6:R4, 100.00, 000(1)1, <html><body bgcolor="rgb(255;255;115)" width="1000">000(1)1</body></html>, , , , 1641699
Inf, Mode 0, 0, 0, 0, 0, 0, 0, 0, 0, 0, 0, 0, 0, 0, 0, 0, 0, 0, 0, 150, 160, 1, 0, 110, 1, 0, 1, 0, 110, 1, 0, 1, 1, 0, 0, 1, -1, 15000, 5, 5, 5, E, N, N, N, N, N, N, N, N, N, N, N, N, N, N, N, N, N, N, N, N, N, N, N, 0, 0, 0, 0, 0, 0, 0, 0, 0, 0, 0, 0, 0, 0, 0, 0, 0, 0, 0, 0, 0, 0, 0, 1702263  1702501  1702615  1702863  1702985, 1658369  1658624  1658781  1658886  1659011  1659134  1659239  1659338  1659438  1659550  1659710  1659834  1659951  1660080  1660199  1660299  1660437  1660542  1660669  1660773  1660872  1660991  1661234  1661337  1661446  1661549  1661677  1661784  1661925  1662025  1662132  1662239  1662363  1662462  1662586  1662736  1662834  1662974  1663073  1663176  1663303  1663418  1663521  1663645  1663775  1663888  1663986  1664088  1664192  1664475  1664614  1664717  1664817  1664919  1665020  1665124  1665239  1666752  1666932  1678838  1678942  1679041  1679138, 1642762, 1642763, 1642764, 1701222, 1709644, 1646985  1647006  1657859  1665468  1665965  1667214  1667577  1668419  1668502  1670629  1671666  1677922  1678175  1678315, 1646995  1647045  1665454  1665571  1667135  1667533  1667610  1668463  1668632  1670702  1671828  1678075  1678278  1679259, 1692946, 1692958, 1692972, 1693123, 1695947, 1695961, L, 1701223, 1701224, 1709645, 0, 0, 0, 0, 0, 1709658, 1709661, L6:R4, 100.00, <html><body bgcolor="rgb(255;255;115)" width="1000">000(1)1</body></html>, 000(1)1, , , , 
Inf, Mode 0, 0, 0, 0, 0, 0, 0, 0, 0, 0, 0, 0, 0, 0, 0, 0, 0, 0, 0, 150, 160, 1, 0, 110, 1, 0, 1, 0, 110, 1, 0, 1, 1, 0, 0, 1, -1, 15000, 5, 5, 5, E, N, N, N, N, N, N, N, N, N, N, N, N, N, N, N, N, N, N, N, N, N, N, N, 0, 0, 0, 0, 0, 0, 0, 0, 0, 0, 0, 0, 0, 0, 0, 0, 0, 0, 0, 0, 0, 0, 0, 1831206  1831452  1831570  1831691  1832046  1832169  1836281, , 1710321, 1710322, 1710322, 1713824  1813208  1830572, 1715243  1814939  1836559, 1818218  1824478  1824658, 1818787  1824527  1825161, 1827072, 1827074, 1827078, 1827229, 1828238, 1828241, L, 1830578, 1830582, 1836563, 0, 0, 0, 0, 0, 1836594, 1836599, L6:R4, 100.00, <html><body bgcolor="rgb(255;255;115)" width="1000">000(1)1</body></html>, 000(1)1, , , , 
Inf, Mode 0, 0, 0, 0, 0, 0, 0, 0, 0, 0, 0, 0, 0, 0, 0, 0, 0, 0, 0, 150, 160, 1, 0, 110, 1, 0, 1, 0, 110, 1, 0, 1, 1, 0, 0, 1, -1, 15000, 5, 5, 5, E, N, N, N, N, N, N, N, N, N, N, N, N, N, N, N, N, N, N, N, N, N, N, N, 0, 0, 0, 0, 0, 0, 0, 0, 0, 0, 0, 0, 0, 0, 0, 0, 0, 0, 0, 0, 0, 0, 0, 1837711  1837839  1858073  1901240  1901579  1901826  1901954  1902359, 1887101  1887233  1887336  1887457  1887565  1894872, 1845426, 1845427, 1845428, 1836694  1845716  1852103  1856084  1871164  1872318  1880061  1900199, 1845425  1846894  1853038  1861448  1872279  1872609  1881694  1911573, 1886786  1887915  1889754  1889818  1894197, 1887874  1888703  1889787  1889838  1895026, 1896671  1897296  1897790, 1896676, 1896683, 1896834, 1896846  1897442  1897869, 1896852, L, 1900214, 1900222, 1911581, 0, 0, 0, 0, 0, 1911633, 1911643, L7:R3, 100.00, <html><body bgcolor="rgb(255;255;115)" width="1000">000(1)1</body></html>, 000(1)1, , , , 
Inf, Mode 0, 0, 0, 0, 0, 0, 0, 0, 0, 0, 0, 0, 0, 0, 0, 0, 0, 0, 0, 150, 160, 1, 0, 110, 1, 0, 1, 0, 110, 1, 0, 1, 1, 0, 0, 1, -1, 15000, 5, 5, 5, E, N, N, N, N, N, N, N, N, N, N, N, N, N, N, N, N, N, N, N, N, N, N, N, 0, 0, 0, 0, 0, 0, 0, 0, 0, 0, 0, 0, 0, 0, 0, 0, 0, 0, 0, 0, 0, 0, 0, , 1945912  1946049  1985568  1985853  1985987  1986129  1986263  1986383  1986481  1986585  1986692  1986805  1986904  1987018  1987136  1987250  1987349  1987451  1987573  1987707  1987806  1987914  1988117  1988249  1988758  1988855  1988995  1989127  1989331  1989460  1989561  1989687  1989785  1989893  1990004  1990171  1990298  1990426  1990549  1991368, 1912422, 1912423, 1912423, 1915216  1923939  1928035  1928128  1932584  1935033  1950418  1957309  1971365  1973312  1979998  1980028  1980206, 1917499  1925376  1928053  1928359  1933521  1935609  1952899  1957719  1973196  1973844  1980017  1980100  1981334, 1945509  1967656  1985020, 1946108  1967854  1991638, 1983007, 1983013, 1983020, 1983171, 1983264, 1983270, R, 1985034, , 1991649, 0, 0, 0, 0, 0, 1991719, 1991732, L6:R4, 100.00, 000(1)1, <html><body bgcolor="rgb(255;255;115)" width="1000">000(1)1</body></html>, , , , 1985041
Inf, Mode 0, 0, 0, 0, 0, 0, 0, 0, 0, 0, 0, 0, 0, 0, 0, 0, 0, 0, 0, 150, 160, 1, 0, 110, 1, 0, 1, 0, 110, 1, 0, 1, 1, 0, 0, 1, -1, 15000, 5, 5, 5, E, N, N, N, N, N, N, N, N, N, N, N, N, N, N, N, N, N, N, N, N, N, N, N, 0, 0, 0, 0, 0, 0, 0, 0, 0, 0, 0, 0, 0, 0, 0, 0, 0, 0, 0, 0, 0, 0, 0, 2081798  2082054, 2024132  2024315  2060011  2061344  2061457  2061736  2066215  2066334  2066452  2067678, 1992496, 1992496, 1992497, 2030221  2031892  2049670  2071218  2080979, 2031812  2032302  2050142  2071936  2091284, 2004261  2004316  2004768  2022480  2022775  2022934  2023993  2059632  2066057  2066845  2067497, 2004306  2004336  2004936  2022730  2022892  2023142  2024393  2061785  2066599  2066946  2067510, 2074208, 2074215, 2074222, 2074373, 2076181, 2076188, L, 2080995, 2081003, 2091292, 0, 0, 0, 0, 0, 2091344, 2091354, L6:R4, 100.00, <html><body bgcolor="rgb(255;255;115)" width="1000">000(1)1</body></html>, 000(1)1, , , , 
Inf, Mode 0, 0, 0, 0, 0, 0, 0, 0, 0, 0, 0, 0, 0, 0, 0, 0, 0, 0, 0, 150, 160, 1, 0, 110, 1, 0, 1, 0, 110, 1, 0, 1, 1, 0, 0, 1, -1, 15000, 5, 5, 5, E, N, N, N, N, N, N, N, N, N, N, N, N, N, N, N, N, N, N, N, N, N, N, N, 0, 0, 0, 0, 0, 0, 0, 0, 0, 0, 0, 0, 0, 0, 0, 0, 0, 0, 0, 0, 0, 0, 0, 2107729  2112523  2113673  2129517  2135992, 2162740  2162971  2163097  2163213  2163334  2163448  2163561  2163679  2163804  2163938  2164070  2164205  2164308  2164418  2164524  2164663  2164799  2164981  2165123  2165220  2165331  2165531  2165875  2165984  2166643  2166794  2166896  2167879, 2092348, 2092349, 2092350, 2091782  2095947  2103287  2103510  2106743  2114310  2115980  2119486  2122539  2124043  2127632  2136576  2142735  2148150  2154104, 2092347  2096302  2103491  2106689  2114243  2115725  2117417  2120372  2123839  2124060  2136426  2142501  2145082  2149042  2154737, 2162170, 2168572, 2157672  2159399, 2157678, 2157685, 2157836, 2157848  2160094, 2157855, R, 2162185, , 2168583, 0, 0, 0, 0, 0, 2168651, 2168664, L5:R5, 100.00, 000(1)1, <html><body bgcolor="rgb(255;255;115)" width="1000">000(1)1</body></html>, , , , 2162193
Inf, Mode 0, 0, 0, 0, 0, 0, 0, 0, 0, 0, 0, 0, 0, 0, 0, 0, 0, 0, 0, 150, 160, 1, 0, 110, 1, 0, 1, 0, 110, 1, 0, 1, 1, 0, 0, 1, -1, 15000, 5, 5, 5, E, N, N, N, N, N, N, N, N, N, N, N, N, N, N, N, N, N, N, N, N, N, N, N, 0, 0, 0, 0, 0, 0, 0, 0, 0, 0, 0, 0, 0, 0, 0, 0, 0, 0, 0, 0, 0, 0, 0, 2253990  2254120  2254379  2254516  2254658  2254799  2254945  2255084  2255226, 2233011  2233118  2233614  2233733  2233885, 2169447, 2169448, 2169449, 2202498  2202638  2206392  2210164  2218545  2220703  2220794  2222272  2227712  2252187, 2202534  2203705  2209591  2210566  2219393  2220742  2221545  2223923  2229093  2255636, 2168841  2169768  2172337  2232466  2245177  2245482  2246895, 2169122  2169911  2172585  2234028  2245335  2245886  2247374, 2249195, 2249201, 2249208, 2249359, 2249968, 2249975, L, 2252201, 2252210, 2255644, 0, 0, 0, 0, 0, 2255700, 2255710, L6:R4, 100.00, <html><body bgcolor="rgb(255;255;115)" width="1000">000(1)1</body></html>, 000(1)1, , , , 
Inf, Mode 0, 0, 0, 0, 0, 0, 0, 0, 0, 0, 0, 0, 0, 0, 0, 0, 0, 0, 0, 150, 160, 1, 0, 110, 1, 0, 1, 0, 110, 1, 0, 1, 1, 0, 0, 1, -1, 15000, 5, 5, 5, E, N, N, N, N, N, N, N, N, N, N, N, N, N, N, N, N, N, N, N, N, N, N, N, 0, 0, 0, 0, 0, 0, 0, 0, 0, 0, 0, 0, 0, 0, 0, 0, 0, 0, 0, 0, 0, 0, 0, 2258353  2258498  2258636  2258775  2258921, 2293496  2293693  2293816  2293953  2294081  2294205  2294331  2294464  2294601  2294735  2294866  2295000  2295186  2295287  2295442  2295608  2295708  2295833  2297322  2297463  2297871  2297978  2298133  2298270  2298373  2298831  2299016  2300063  2300167  2300272  2301091, 2256406, 2256407, 2256408, 2255856  2257588  2267090  2267859  2271780  2275695  2276045  2276207  2277886  2277977  2278246  2288125, 2255968  2265830  2267222  2268462  2272464  2275726  2276120  2276495  2277923  2278178  2280024  2289054, 2292994, 2301481, 2290269, 2290274, 2290280, 2290432, 2290470, 2290477, R, 2293006, , 2301492, 0, 0, 0, 0, 0, 2301554, 2301565, L5:R5, 100.00, 000(1)1, <html><body bgcolor="rgb(255;255;115)" width="1000">000(1)1</body></html>, , , , 2293012
Inf, Mode 0, 0, 0, 0, 0, 0, 0, 0, 0, 0, 0, 0, 0, 0, 0, 0, 0, 0, 0, 150, 160, 1, 0, 110, 1, 0, 1, 0, 110, 1, 0, 1, 1, 0, 0, 1, -1, 15000, 5, 5, 5, E, N, N, N, N, N, N, N, N, N, N, N, N, N, N, N, N, N, N, N, N, N, N, N, 0, 0, 0, 0, 0, 0, 0, 0, 0, 0, 0, 0, 0, 0, 0, 0, 0, 0, 0, 0, 0, 0, 0, 2317869  2318110, 2307517  2307631  2307736  2307897  2308080  2313266, 2302307, 2302308, 2302309, 2317112, 2330452, 2302446  2302691  2306826  2312821, 2302544  2303269  2308088  2313704, 2314822  2315004, 2314825, 2314828, 2314979, 2314988  2315299, 2314991, L, 2317120, 2317124, 2330457, 0, 0, 0, 0, 0, 2330488, 2330493, L6:R4, 100.00, <html><body bgcolor="rgb(255;255;115)" width="1000">000(1)1</body></html>, 000(1)1, , , , 
Inf, Mode 0, 0, 0, 0, 0, 0, 0, 0, 0, 0, 0, 0, 0, 0, 0, 0, 0, 0, 0, 150, 160, 1, 0, 110, 1, 0, 1, 0, 110, 1, 0, 1, 1, 0, 0, 1, -1, 15000, 5, 5, 5, E, N, N, N, N, N, N, N, N, N, N, N, N, N, N, N, N, N, N, N, N, N, N, N, 0, 0, 0, 0, 0, 0, 0, 0, 0, 0, 0, 0, 0, 0, 0, 0, 0, 0, 0, 0, 0, 0, 0, 2411661  2765560  2814901  2822256  2822445, 2338586  2340195  2349618  2349726  2349869  2350195  2380831  2380930  2381088  2381187  2381395  2382023  2382125  2382855  2383161  2384437  2384905  2470612  2470717  2517134  2517537  2837417  2837519  2837620  2837725  2837853  2837955  2838097  2838233  2838367  2838496  2838659  2838797  2840837  2840938  2841035  2841150  2841499  2841602  2841712  2841811  2841915  2842049  2842235  2842429  2842602  2842944  2843053  2861933  2862040  2862241  2862350  2862447  2862658  2862779  2862902  2863021  2863148  2863279  2863412  2863548  2863691  2866539  2866804  2867024  2867174  2867376  2867504  2867636  2867742  2867848  2868033  2868151  2868393  2868498  2868603  2868817  2868928  2869259, 2331819, 2331821, 2331822, 2330880  2331904  2334692  2355871  2389544  2396003  2410817  2417889  2420345  2420960  2421043  2422036  2434429  2451050  2452038  2460144  2464678  2466190  2496003  2497858  2498048  2500161  2505589  2510325  2524867  2525005  2525221  2535187  2535861  2536285  2537553  2538123  2544996  2551936  2555409  2556335  2559434  2562454  2566459  2602175  2757846  2757985  2770891  2776276  2813901  2825849  2827486  2831672  2850994  2852139, 2331819  2332351  2335691  2356844  2394401  2396498  2417595  2418522  2420943  2421007  2421434  2422121  2450792  2451926  2454820  2462546  2466067  2466300  2497528  2497999  2499140  2501295  2510237  2512430  2524908  2525127  2535118  2535320  2536146  2537518  2538046  2544943  2550142  2555323  2555872  2556725  2560165  2562993  2566633  2603504  2757970  2767824  2772654  2776329  2823328  2826797  2828040  2832745  2852022  2853534, 2338235  2339911  2348575  2348766  2349127  2380587  2382593  2384167  2385273  2470059  2516733  2837241  2845136  2861696, 2338837  2340387  2348716  2348946  2350319  2382514  2383304  2385116  2386279  2470926  2517692  2843518  2845404  2869875, 2857436, 2857437, 2857440, 2857590, 2858129, 2858131, R, 2861700, , 2869881, 0, 0, 0, 0, 0, 2869921, 2869928, L6:R4, 100.00, 000(1)1, <html><body bgcolor="rgb(255;255;115)" width="1000">000(1)1</body></html>, , , , 2861703
Inf, Mode 0, 0, 0, 0, 0, 0, 0, 0, 0, 0, 0, 0, 0, 0, 0, 0, 0, 0, 0, 150, 160, 1, 0, 110, 1, 0, 1, 0, 110, 1, 0, 1, 1, 0, 0, 1, -1, 15000, 5, 5, 5, E, N, N, N, N, N, N, N, N, N, N, N, N, N, N, N, N, N, N, N, N, N, N, N, 0, 0, 0, 0, 0, 0, 0, 0, 0, 0, 0, 0, 0, 0, 0, 0, 0, 0, 0, 0, 0, 0, 0, 2892811  2893314  2894947  2895299, 2902515  2902818  2902918  2903105  2903231  2903359  2903487  2903614  2903747  2903885  2904027  2907483  2908213  2908366  2909154  2909375  2909539  2909644  2909743  2909857, 2870633, 2870634, 2870634, 2875896  2891160, 2877351  2896230, 2872632  2902213, 2873679  2909947, 2898639, 2898641, 2898644, 2898795, 2899258, 2899261, R, 2902219, , 2909954, 0, 0, 0, 0, 0, 2909990, 2909998, L5:R5, 100.00, 000(1)1, <html><body bgcolor="rgb(255;255;115)" width="1000">000(1)1</body></html>, , , , 2902223
Inf, Mode 0, 0, 0, 0, 0, 0, 0, 0, 0, 0, 0, 0, 0, 0, 0, 0, 0, 0, 0, 150, 160, 1, 0, 110, 1, 0, 1, 0, 110, 1, 0, 1, 1, 0, 0, 1, -1, 15000, 5, 5, 5, E, N, N, N, N, N, N, N, N, N, N, N, N, N, N, N, N, N, N, N, N, N, N, N, 0, 0, 0, 0, 0, 0, 0, 0, 0, 0, 0, 0, 0, 0, 0, 0, 0, 0, 0, 0, 0, 0, 0, 2986412  2986539  2986657  2986777, 2910093  3039054  3039232  3039570  3039712  3039903  3040030  3040152  3040276  3040402  3040526  3040660  3040799  3040980  3041126  3041306  3041605  3041762  3042937  3043047  3043204, 2910687, 2910688, 2910688, 2917777  2921035  2925728  2925839  2929344  2945294  2995556  2995996  2998157  3024497  3032606, 2918750  2921928  2925812  2928532  2929858  2995329  2995819  2996122  2999439  3027332  3034419, 2915385  3038795, 2916299  3044994, 3036168, 3036173, 3036179, 3036331, 3036563, 3036569, R, 3038808, , 3045003, 0, 0, 0, 0, 0, 3045057, 3045067, L4:R6, 100.00, 000(1)1, <html><body bgcolor="rgb(255;255;115)" width="1000">000(1)1</body></html>, , , , 3038814
Inf, Mode 0, 0, 0, 0, 0, 0, 0, 0, 0, 0, 0, 0, 0, 0, 0, 0, 0, 0, 0, 150, 160, 1, 0, 110, 1, 0, 1, 0, 110, 1, 0, 1, 1, 0, 0, 1, -1, 15000, 5, 5, 5, E, N, N, N, N, N, N, N, N, N, N, N, N, N, N, N, N, N, N, N, N, N, N, N, 0, 0, 0, 0, 0, 0, 0, 0, 0, 0, 0, 0, 0, 0, 0, 0, 0, 0, 0, 0, 0, 0, 0, 3051714, 3048030, 3045781, 3045781, 3045782, 3050701, 3060220, 3047384, 3048418, 3049498, 3049499, 3049501, 3049652, 3049659, 3049661, L, 3050705, 3050708, 3060224, 0, 0, 0, 0, 0, 3060242, 3060246, L4:R6, 100.00, <html><body bgcolor="rgb(255;255;115)" width="1000">000(1)1</body></html>, 000(1)1, , , , 
Inf, Mode 0, 0, 0, 0, 0, 0, 0, 0, 0, 0, 0, 0, 0, 0, 0, 0, 0, 0, 0, 150, 160, 1, 0, 110, 1, 0, 1, 0, 110, 1, 0, 1, 1, 0, 0, 1, -1, 15000, 5, 5, 5, E, N, N, N, N, N, N, N, N, N, N, N, N, N, N, N, N, N, N, N, N, N, N, N, 0, 0, 0, 0, 0, 0, 0, 0, 0, 0, 0, 0, 0, 0, 0, 0, 0, 0, 0, 0, 0, 0, 0, , 3074823  3075080  3075315  3075499  3075629  3075762  3075894  3076026  3076153  3076283  3078731  3078878  3079228  3079418  3079521  3079666  3079809  3079943  3080041  3080169  3080267, 3060579, 3060580, 3060580, 3060897  3062887  3069798, 3061581  3063196  3070708, 3074580, 3080374, 3072381, 3072384, 3072386, 3072537, 3072545, 3072547, R, 3074585, , 3080379, 0, 0, 0, 0, 0, 3080415, 3080422, L4:R6, 100.00, 000(1)1, <html><body bgcolor="rgb(255;255;115)" width="1000">000(1)1</body></html>, , , , 3074588
Inf, Mode 0, 0, 0, 0, 0, 0, 0, 0, 0, 0, 0, 0, 0, 0, 0, 0, 0, 0, 0, 150, 160, 1, 0, 110, 1, 0, 1, 0, 110, 1, 0, 1, 1, 0, 0, 1, -1, 15000, 5, 5, 5, E, N, N, N, N, N, N, N, N, N, N, N, N, N, N, N, N, N, N, N, N, N, N, N, 0, 0, 0, 0, 0, 0, 0, 0, 0, 0, 0, 0, 0, 0, 0, 0, 0, 0, 0, 0, 0, 0, 0, , 3095499  3095730  3095860  3095988  3096115  3096246  3096382  3096523  3096659  3096804  3096955  3098509  3099609  3099711  3099811  3099918  3100129  3100427  3100527  3100684  3100916  3101030, 3081186, 3081188, 3081189, 3087064  3088778  3088812, 3087457  3088790  3089777, 3081001  3094711, 3081186  3101380, 3092665, 3092667, 3092670, 3092822, 3093330, 3093334, R, 3094717, , 3101386, 0, 0, 0, 0, 0, 3101424, 3101431, L3:R7, 100.00, 000(1)1, <html><body bgcolor="rgb(255;255;115)" width="1000">000(1)1</body></html>, , , , 3094720
Inf, Mode 0, 0, 0, 0, 0, 0, 0, 0, 0, 0, 0, 0, 0, 0, 0, 0, 0, 0, 0, 150, 160, 1, 0, 110, 1, 0, 1, 0, 110, 1, 0, 1, 1, 0, 0, 1, -1, 15000, 5, 5, 5, E, N, N, N, N, N, N, N, N, N, N, N, N, N, N, N, N, N, N, N, N, N, N, N, 0, 0, 0, 0, 0, 0, 0, 0, 0, 0, 0, 0, 0, 0, 0, 0, 0, 0, 0, 0, 0, 0, 0, 3113036, 3105203  3106278  3106390  3106524  3106649  3107842  3107960  3108164  3108357  3108461  3108635  3108747  3109001, 3102406, 3102407, 3102409, 3110500  3110717  3117067, 3110552  3115019  3117320, 3102153  3105014  3105558  3127638, 3102406  3105415  3109035  3127662, 3119178  3119695  3121471  3122281  3122390  3123043  3123318  3123380  3124944, 3119182, 3119187, 3119338, 3119520  3119979  3122244  3122359  3122482  3123085  3123346  3124714  3126084, 3119525, R, 3127654, , 3127788, 0, 0, 0, 0, 0, 3127841, 3127852, L3:R7, 100.00, 000(1)1, <html><body bgcolor="rgb(255;255;115)" width="1000">000(1)1</body></html>, , , , 3127670
Inf, Mode 0, 0, 0, 0, 0, 0, 0, 0, 0, 0, 0, 0, 0, 0, 0, 0, 0, 0, 0, 150, 160, 1, 0, 110, 1, 0, 1, 0, 110, 1, 0, 1, 1, 0, 0, 1, -1, 15000, 5, 5, 5, E, N, N, N, N, N, N, N, N, N, N, N, N, N, N, N, N, N, N, N, N, N, N, N, 0, 0, 0, 0, 0, 0, 0, 0, 0, 0, 0, 0, 0, 0, 0, 0, 0, 0, 0, 0, 0, 0, 0, 3142762  3142891  3143026, 3128464  3128629  3128768  3128887  3129015  3129141  3129270  3129407  3129549  3129690  3133430  3133553  3133721  3133903  3134007  3134234  3134446  3136372, 3134767, 3134770, 3134773, 3141535, 3151948, 3127992  3136137, 3134765  3136461, 3138575, 3138578, 3138583, 3138734, 3139000, 3139004, L, 3141543, 3141549, 3151953, 0, 0, 0, 0, 0, 3151987, 3151993, L3:R7, 100.00, <html><body bgcolor="rgb(255;255;115)" width="1000">000(1)1</body></html>, 000(1)1, , , , 
Inf, Mode 0, 0, 0, 0, 0, 0, 0, 0, 0, 0, 0, 0, 0, 0, 0, 0, 0, 0, 0, 150, 160, 1, 0, 110, 1, 0, 1, 0, 110, 1, 0, 1, 1, 0, 0, 1, -1, 15000, 5, 5, 5, E, N, N, N, N, N, N, N, N, N, N, N, N, N, N, N, N, N, N, N, N, N, N, N, 0, 0, 0, 0, 0, 0, 0, 0, 0, 0, 0, 0, 0, 0, 0, 0, 0, 0, 0, 0, 0, 0, 0, 3161622  3162263  3170000  3170142  3170283  3170421  3170558  3170698  3176235  3176399, 3157173  3157281  3157383  3157518  3157708  3157812, 3152495, 3152497, 3152498, 3152154  3153981  3160988, 3152495  3154758  3179173, 3156748, 3158002, 3159801, 3159803, 3159808, 3159959, 3159968, 3159971, L, 3160994, 3160998, 3179179, 0, 0, 0, 0, 0, 3179210, 3179216, L4:R6, 100.00, <html><body bgcolor="rgb(255;255;115)" width="1000">000(1)1</body></html>, 000(1)1, , , , 
Inf, Mode 0, 0, 0, 0, 0, 0, 0, 0, 0, 0, 0, 0, 0, 0, 0, 0, 0, 0, 0, 150, 160, 1, 0, 110, 1, 0, 1, 0, 110, 1, 0, 1, 1, 0, 0, 1, -1, 15000, 5, 5, 5, E, N, N, N, N, N, N, N, N, N, N, N, N, N, N, N, N, N, N, N, N, N, N, N, 0, 0, 0, 0, 0, 0, 0, 0, 0, 0, 0, 0, 0, 0, 0, 0, 0, 0, 0, 0, 0, 0, 0, 3247710, 3193448  3193611  3193779  3193894  3214670  3214886  3215014  3215264  3215398  3215523  3224778  3224889  3225194  3225511  3225759  3225871  3226027  3226302  3226445  3226551  3241801  3241981  3242159  3266792  3266889  3266997  3267097  3267418  3267524  3274462  3274563  3274668  3274775  3274884  3274996  3275110  3275223  3275335  3275438  3275542  3275648  3275745  3275847  3275957  3276055  3276154  3276258  3276363  3276483  3276591  3276701  3276844  3276946  3277046  3277147  3277268  3277383  3277485  3277582  3277698  3277839  3277965  3278089  3278241  3278379  3278517  3278652  3279325  3280530  3281359  3281491  3282102  3282230  3282341  3282496  3282658  3282820  3283363  3283465  3283885  3283994  3284108  3284258  3284643  3284963  3285104, 3179905, 3179906, 3179907, 3179342  3184418  3185339  3190388  3196472  3212343  3231488  3233451  3235237  3244122  3252843  3269864  3271032, 3179447  3184805  3185763  3190843  3198369  3213142  3232760  3235016  3235456  3249682  3254867  3270640  3271083, 3193050  3194095  3194219  3194317  3214374  3224443  3228128  3228265  3241328  3242579  3266486  3274230, 3194020  3194184  3194262  3194637  3215584  3226608  3228239  3228278  3242285  3242602  3267558  3285720, 3272562, 3272573, 3272587, 3272738, 3273079, 3273092, R, 3274255, , 3285727, 0, 0, 0, 0, 0, 3285771, 3285778, L3:R7, 100.00, 000(1)1, <html><body bgcolor="rgb(255;255;115)" width="1000">000(1)1</body></html>, , , , 3274268
Inf, Mode 0, 0, 0, 0, 0, 0, 0, 0, 0, 0, 0, 0, 0, 0, 0, 0, 0, 0, 0, 150, 160, 1, 0, 110, 1, 0, 1, 0, 110, 1, 0, 1, 1, 0, 0, 1, -1, 15000, 5, 5, 5, E, N, N, N, N, N, N, N, N, N, N, N, N, N, N, N, N, N, N, N, N, N, N, N, 0, 0, 0, 0, 0, 0, 0, 0, 0, 0, 0, 0, 0, 0, 0, 0, 0, 0, 0, 0, 0, 0, 0, 3317216  3317341  3317465  3322590  3322768  3322951, 3286393  3305709  3305832  3305956  3306189  3309617  3310572, 3286564, 3286565, 3286567, 3289895  3301556  3316297, 3290731  3302703  3325777, 3285896  3305259  3309438  3310189  3310491, 3286510  3306296  3309839  3310202  3310502, 3311057, 3311062, 3311066, 3311217, 3311233, 3311237, L, 3316306, 3316312, 3325784, 0, 0, 0, 0, 0, 3325821, 3325828, L4:R6, 100.00, <html><body bgcolor="rgb(255;255;115)" width="1000">000(1)1</body></html>, 000(1)1, , , , 
Inf, Mode 0, 0, 0, 0, 0, 0, 0, 0, 0, 0, 0, 0, 0, 0, 0, 0, 0, 0, 0, 150, 160, 1, 0, 110, 1, 0, 1, 0, 110, 1, 0, 1, 1, 0, 0, 1, -1, 15000, 5, 5, 5, E, N, N, N, N, N, N, N, N, N, N, N, N, N, N, N, N, N, N, N, N, N, N, N, 0, 0, 0, 0, 0, 0, 0, 0, 0, 0, 0, 0, 0, 0, 0, 0, 0, 0, 0, 0, 0, 0, 0, , 3331019  3331292  3331401  3331502  3331632  3331763  3331891  3332023  3332157  3332292  3332506  3334397  3334797  3334967  3336312  3336580, 3326568, 3326569, 3326569, 3326675  3327549, 3327475  3327593, 3330646, 3336776, 3329112, 3329113, 3329116, 3329267, 3329607, 3329609, R, 3330651, , 3336780, 0, 0, 0, 0, 0, 3336811, 3336817, L4:R6, 100.00, 000(1)1, <html><body bgcolor="rgb(255;255;115)" width="1000">000(1)1</body></html>, , , , 3330653
Inf, Mode 0, 0, 0, 0, 0, 0, 0, 0, 0, 0, 0, 0, 0, 0, 0, 0, 0, 0, 0, 150, 160, 1, 0, 110, 1, 0, 1, 0, 110, 1, 0, 1, 1, 0, 0, 1, -1, 15000, 5, 5, 5, E, N, N, N, N, N, N, N, N, N, N, N, N, N, N, N, N, N, N, N, N, N, N, N, 0, 0, 0, 0, 0, 0, 0, 0, 0, 0, 0, 0, 0, 0, 0, 0, 0, 0, 0, 0, 0, 0, 0, , 3380185  3380305  3380583  3380716  3380846  3380973  3381097  3381223  3381356  3386039  3386161  3386335, 3337640, 3337643, 3337644, 3340547  3343610  3370940  3373970  3374916  3375614  3377465, 3341910  3344250  3373759  3374145  3375000  3377270  3377484, 3337404  3379937, 3337640  3386712, 3378916, 3378919, 3378923, 3379074, 3379083, 3379087, R, 3379945, , 3386718, 0, 0, 0, 0, 0, 3386757, 3386764, L4:R6, 100.00, 000(1)1, <html><body bgcolor="rgb(255;255;115)" width="1000">000(1)1</body></html>, , , , 3379950
